"""font_data.py —— Cardputer 端 16px 点阵字库（自动生成，请勿手改）。

由 tools/build_mpy_font.py 扫描游戏数据与设备端源码的实际用字生成；
改动界面文案或卡牌文本后，重新运行该工具即可补字。
ASCII：8×16 每字 8 字节；CJK：16×16 每字 32 字节，行扫描 MSB 在左。
"""

HEIGHT = 16
ASCII_W = 8
CJK_W = 16
ASCII_FIRST = 32
ASCII_COUNT = 95
CJK_COUNT = 1081

ASCII_DATA = (
    b'\x00\x00\x00\x00\x00\x00\x00\x00\x00\x00\x00\x00\x00\x00\x00\x00'
    b'\x00\x00\x00\x30\x10\x10\x10\x10\x10\x10\x00\x10\x10\x00\x00\x00'
    b'\x00\x00\x00\x68\x68\x68\x00\x00\x00\x00\x00\x00\x00\x00\x00\x00'
    b'\x00\x00\x00\x24\x24\xFE\x6C\x48\x48\x48\xFC\xC8\xD8\x00\x00\x00'
    b'\x00\x00\x08\x3C\x6E\x4A\x68\x38\x1E\x0B\x4B\x6B\x3E\x08\x00\x00'
    b'\x00\x00\x00\xC2\x44\x64\x68\xC8\x13\x16\x26\x66\x43\x00\x00\x00'
    b'\x00\x00\x00\xF0\x98\x98\xF0\xE2\xB6\x1E\x0C\x9E\xF3\x00\x00\x00'
    b'\x00\x00\x00\x18\x18\x18\x00\x00\x00\x00\x00\x00\x00\x00\x00\x00'
    b'\x00\x08\x18\x10\x30\x20\x20\x20\x20\x20\x20\x30\x10\x18\x00\x00'
    b'\x00\x20\x20\x10\x10\x18\x18\x08\x08\x18\x18\x10\x10\x20\x00\x00'
    b'\x00\x00\x00\x10\x10\x7E\x38\x28\x64\x00\x00\x00\x00\x00\x00\x00'
    b'\x00\x00\x00\x00\x00\x08\x08\x18\x7F\x08\x08\x08\x00\x00\x00\x00'
    b'\x00\x00\x00\x00\x00\x18\x18\x08\x10\x00\x00\x00\x00\x00\x00\x00'
    b'\x00\x00\x00\x00\x00\x00\x7F\x00\x00\x00\x00\x00\x00\x00\x00\x00'
    b'\x00\x00\x00\x00\x00\x00\x18\x18\x00\x00\x00\x00\x00\x00\x00\x00'
    b'\x00\x00\x04\x04\x08\x08\x18\x10\x10\x30\x20\x60\x40\x40\x00\x00'
    b'\x00\x00\x00\x3C\x66\x42\x43\x43\x43\x43\x42\x66\x3C\x00\x00\x00'
    b'\x00\x00\x00\x08\x38\x28\x08\x08\x08\x08\x08\x08\x08\x00\x00\x00'
    b'\x00\x00\x00\x3C\x66\x63\x42\x06\x0C\x18\x30\x60\x7F\x00\x00\x00'
    b'\x00\x00\x00\x3E\x66\x43\x02\x0C\x06\x03\x43\x62\x3E\x00\x00\x00'
    b'\x00\x00\x00\x0C\x1C\x3C\x2C\x4C\x8C\x8C\xFE\x0C\x0C\x00\x00\x00'
    b'\x00\x00\x7E\x60\x40\x48\x7E\x43\x03\x43\x66\x3C\x00\x00\x00\x00'
    b'\x00\x00\x00\x3E\x26\x42\x48\x7E\x63\x43\x43\x66\x3C\x00\x00\x00'
    b'\x00\x00\x00\xFE\x06\x06\x04\x0C\x08\x18\x18\x10\x30\x00\x00\x00'
    b'\x00\x00\x00\x3C\x66\x43\x62\x3C\x66\x43\x43\x63\x3E\x00\x00\x00'
    b'\x00\x00\x00\x3C\x66\x42\x43\x43\x7F\x13\x42\x66\x3C\x00\x00\x00'
    b'\x00\x00\x00\x00\x18\x18\x00\x00\x00\x18\x18\x00\x00\x00\x00\x00'
    b'\x00\x00\x00\x18\x18\x00\x00\x00\x18\x18\x08\x10\x00\x00\x00\x00'
    b'\x00\x00\x00\x00\x03\x0E\x78\x60\x38\x0E\x01\x00\x00\x00\x00\x00'
    b'\x00\x00\x00\x00\x00\x7F\x7E\x00\x7F\x00\x00\x00\x00\x00\x00\x00'
    b'\x00\x00\x00\x00\x40\x38\x0E\x07\x1C\x70\x40\x00\x00\x00\x00\x00'
    b'\x00\x00\x00\x3C\x66\x46\x06\x0C\x18\x18\x00\x18\x18\x00\x00\x00'
    b'\x00\x00\x00\x3E\xC3\x99\x36\x64\x44\x6D\xBE\xC1\x7E\x00\x00\x00'
    b'\x00\x00\x00\x18\x38\x2C\x2C\x64\x46\xFE\xC2\x83\x81\x00\x00\x00'
    b'\x00\x00\x00\xFC\xC6\x83\x82\xFE\xCE\x83\x83\xC3\xFE\x00\x00\x00'
    b'\x00\x00\x00\x3E\x63\xC1\x80\x80\x80\x80\xC1\x63\x3E\x00\x00\x00'
    b'\x00\x00\x00\xFC\xC6\x83\x81\x81\x81\x81\x83\xC6\xFC\x00\x00\x00'
    b'\x00\x00\x00\xFE\xC0\x80\x80\xFE\xFC\x80\x80\xC0\xFE\x00\x00\x00'
    b'\x00\x00\x00\x7F\x60\x40\x40\x7E\x7E\x40\x40\x40\x40\x00\x00\x00'
    b'\x00\x00\x00\x7C\xC6\x82\x00\x00\x1F\x03\x83\xC7\x7E\x00\x00\x00'
    b'\x00\x00\x00\x81\x81\x81\x81\xFF\xFF\x81\x81\x81\x81\x00\x00\x00'
    b'\x00\x00\x00\x18\x18\x18\x18\x18\x18\x18\x18\x18\x18\x00\x00\x00'
    b'\x00\x00\x04\x04\x04\x04\x04\x04\x04\xC4\x4C\x78\x00\x00\x00\x00'
    b'\x00\x00\x00\x83\x86\x8C\x98\xF0\xF8\xCC\x86\x83\x83\x00\x00\x00'
    b'\x00\x00\x00\x40\x40\x40\x40\x40\x40\x40\x40\x60\x7F\x00\x00\x00'
    b'\x00\x00\x00\x01\x03\x83\x87\xC5\x4D\x69\x39\x39\x31\x00\x00\x00'
    b'\x00\x00\x00\xC1\xE1\xE1\xF1\x99\x89\x8D\x87\x83\x83\x00\x00\x00'
    b'\x00\x00\x00\x7C\xC6\x83\x03\x01\x01\x03\x83\xC6\x7C\x00\x00\x00'
    b'\x00\x00\x00\xFC\xC6\x83\x83\xC6\xFC\xC0\x80\x80\x80\x00\x00\x00'
    b'\x00\x00\x7C\xC6\x83\x03\x01\x01\x09\x8F\xC6\x7F\x01\x00\x00\x00'
    b'\x00\x00\x00\xFC\xC6\x83\x83\xCE\xFE\x82\x83\x83\x83\x00\x00\x00'
    b'\x00\x00\x00\x7C\xC6\x82\xC0\x78\x1E\x02\x83\xC6\x7C\x00\x00\x00'
    b'\x00\x00\x00\xFE\x30\x10\x10\x10\x10\x10\x10\x10\x10\x00\x00\x00'
    b'\x00\x00\x81\x81\x81\x81\x81\x81\xC1\xC3\x63\x3E\x00\x00\x00\x00'
    b'\x00\x00\x00\x83\x83\xC2\xC6\x44\x64\x6C\x28\x38\x38\x00\x00\x00'
    b'\x00\x00\x00\x18\x38\x38\x28\x2D\x65\x45\xC7\xC7\xC2\x00\x00\x00'
    b'\x00\x00\x00\x83\xC6\x6C\x38\x38\x38\x2C\x64\xC6\x83\x00\x00\x00'
    b'\x00\x00\x00\x83\xC3\x46\x6C\x3C\x18\x18\x18\x18\x18\x00\x00\x00'
    b'\x00\x00\x00\xFE\x06\x0C\x08\x18\x30\x60\xC0\xC0\xFF\x00\x00\x00'
    b'\x00\x38\x38\x20\x20\x20\x20\x20\x20\x20\x20\x20\x20\x38\x00\x00'
    b'\x00\x00\x40\x40\x20\x20\x30\x10\x10\x18\x08\x08\x04\x04\x00\x00'
    b'\x00\x38\x38\x08\x08\x08\x08\x08\x08\x08\x08\x08\x08\x38\x00\x00'
    b'\x00\x00\x00\x18\x38\x2C\x64\x44\x00\x00\x00\x00\x00\x00\x00\x00'
    b'\x00\x00\x00\x00\x00\x00\x00\x00\xFE\x00\x00\x00\x00\x00\x00\x00'
    b'\x00\x00\x00\x30\x10\x00\x00\x00\x00\x00\x00\x00\x00\x00\x00\x00'
    b'\x00\x00\x00\x00\x7C\x66\x06\x7E\x42\x46\x7A\x00\x00\x00\x00\x00'
    b'\x00\x00\x00\x40\x40\x40\x7E\x62\x43\x43\x63\x62\x7C\x00\x00\x00'
    b'\x00\x00\x00\x00\x3C\x66\x40\x40\x42\x66\x3C\x00\x00\x00\x00\x00'
    b'\x00\x00\x00\x03\x03\x03\x3F\x67\x43\x43\x43\x67\x3F\x00\x00\x00'
    b'\x00\x00\x00\x00\x3C\x66\x42\xFE\x40\x66\x3C\x00\x00\x00\x00\x00'
    b'\x00\x00\x00\x1C\x18\x10\x7C\x10\x10\x10\x10\x10\x10\x00\x00\x00'
    b'\x00\x00\x00\x3F\x63\x43\x43\x43\x67\x3B\x02\x66\x3C\x00\x00\x00'
    b'\x00\x00\x00\x40\x40\x40\x7E\x66\x42\x42\x42\x42\x42\x00\x00\x00'
    b'\x00\x00\x00\x18\x18\x00\x18\x18\x18\x18\x18\x18\x18\x00\x00\x00'
    b'\x00\x00\x18\x18\x00\x18\x18\x18\x18\x18\x18\x18\x18\x38\x30\x00'
    b'\x00\x00\x00\x40\x40\x40\x46\x4C\x70\x78\x4C\x44\x46\x00\x00\x00'
    b'\x00\x00\x00\x10\x10\x10\x10\x10\x10\x10\x10\x10\x10\x00\x00\x00'
    b'\x00\x00\x00\x00\x00\xF7\x98\x18\x18\x18\x18\x18\x00\x00\x00\x00'
    b'\x00\x00\x00\x00\x00\x7E\x66\x42\x42\x42\x42\x42\x00\x00\x00\x00'
    b'\x00\x00\x00\x00\x3E\x62\x43\x43\x43\x66\x3C\x00\x00\x00\x00\x00'
    b'\x00\x00\x00\x7E\x62\x43\x43\x43\x62\x5C\x40\x40\x40\x00\x00\x00'
    b'\x00\x00\x00\x3F\x67\x43\x43\x43\x67\x3B\x03\x03\x02\x00\x00\x00'
    b'\x00\x00\x00\x00\x00\x3C\x30\x20\x20\x20\x20\x20\x00\x00\x00\x00'
    b'\x00\x00\x00\x00\x7C\x44\x60\x3C\x06\x46\x7C\x00\x00\x00\x00\x00'
    b'\x00\x00\x00\x00\x10\x30\x7C\x10\x10\x10\x10\x10\x18\x00\x00\x00'
    b'\x00\x00\x00\x00\x42\x42\x42\x42\x42\x66\x3E\x00\x00\x00\x00\x00'
    b'\x00\x00\x00\x00\x00\xC6\x44\x6C\x6C\x38\x38\x10\x00\x00\x00\x00'
    b'\x00\x00\x00\x00\x00\x11\x39\x2B\xAA\xEE\xCE\xC4\x00\x00\x00\x00'
    b'\x00\x00\x00\x00\x00\x64\x2C\x38\x18\x3C\x64\xC6\x00\x00\x00\x00'
    b'\x00\x00\x00\xC6\x44\x64\x2C\x38\x38\x18\x10\x30\x20\x00\x00\x00'
    b'\x00\x00\x00\x00\x00\xFC\x0C\x18\x30\x20\x60\xFE\x00\x00\x00\x00'
    b'\x00\x08\x18\x10\x30\x30\x30\x60\x60\x30\x30\x30\x10\x18\x00\x00'
    b'\x00\x10\x10\x10\x10\x10\x10\x10\x10\x10\x10\x10\x10\x10\x10\x00'
    b'\x00\x20\x30\x10\x10\x10\x10\x18\x18\x10\x10\x10\x10\x70\x00\x00'
    b'\x00\x00\x00\x00\x00\x70\x1C\x00\x00\x00\x00\x00\x00\x00\x00\x00'
)

CJK_CHARS = (

    '·–—“”…←↑→↓、。《》「」【】一三上下不与专且世业东丝丢两严丧个中串临为主'

    '举久么义之乐九也习书乱了予争事二于互些亡交产人什仅今仍从仓仔他付代令以们件价任份'

    '伍休众优伙会传伤伴伺但位低住体何余作你佳使例供依侧便俄保信修候值偏做停偶像僵儿允'

    '元充先光免兜入全公六共关其具养兼内再冒写农冲决况净准减凑几凶出击函分切划列则刚创'

    '初删判利别到制刷刺刻剂前剔剩剪力功加务动助努劫励势勇勿匀包化匪匹区医十升半单卜占'

    '卡印危即厂历压原去参又叉及友双反发取受变叠口句只叫可台史右号各合吉同名后向吓吞否'

    '含听启吵吸呈告呕员周味命和咬咳品响哨哪唯喂喷嗽器四回因困围固图在地场均坏坐块型城'

    '基堂堆堵塞填境墙增声壳处备复外多夜够大天太央失头夹奋奏契奔奖套女好如始婪子孔字存'

    '学宁它宅守安完定实客室家容宽密察寡寸对寻导封射将小少尔尚尝就尸尺尽尾局层居届屋屍'

    '屏展属崩工左巨差己已市布带帧帮常幕干平年并幸庄序库应底废度座延建开异弃式引张弥弩'

    '弹强彈归当录形彩影彻往径待很律得御循心必志快忽态怎急性总恒恢息恰恶悄情惊惩惯惰想'

    '意感愿慢戏成我或战截户房所手才扑打扔扣执扩扫扮批找承抉把抓投抗折抛护报抵抽拆拍拐'

    '招拟拥拦择括拷拼拾拿持挂指按挑挡捕损捡换据捷掉排探接控推掷描提插搜摆摘摸撑撞撬播'

    '操擎支收改攻放故效敌救教敛散数整文斗料断斯新方旅旋无既日旦旧早时明易星映是显晚普'

    '景暂暗更曾替最月有服望朝期木未末本机杀杂材束条来板极构析枚果枪架某染查栅标栋栏校'

    '样核根格框案桌档桥桶梅梯械检棒森植楼概槽模次止正此步武死殊残段母每毒比毕毫气水永'

    '求汇汉池污汰汽沙没河油沿法注洁洗活流浅测浏浪海消涉涌液淘淡深混清渡渲游湍溃源溯满'

    '滩漏漠漫潜激火灭灰灵炸点烧热然照熏熵燃爆父片版牌物特状狂狗狙独狱率玩环现珍球理瑞'

    '瓶生用由甲电画界留略番疯痕登白百的益监盖盘目直相省看真眠眼着睡知矩短码破础硬确碑'

    '碰示神禁离私种秒称移程稳空突窗立站竞竟端笔符第等答策简算管箱类粹精系素索紧累红约'

    '级纪纯线练组细终经绑结绘给络绝统继续维绿缀缓编缝缠缩缺罐网罗置群翻老考者而耗耦联'

    '股背胜能脑脚脱腎腐腥腺自臭至致舍船色节花若英范荒药获菜落蓝藥虚虽蛇融血行衔街衡补'

    '表被裁装裸西要覆见规视览觉角解触言警计认让议记许论设证评识词译试询该详误说请读谁'

    '调谈谢豆象贝负责败账贪贵费资赌赖赢走赶起超越足跑距跟跨路跳身躲车转轮轻载辅辆辑输'

    '边达迁过运近返还这进远违连述迹追退送适逃逆选逐途逗通速造逻遇遍道遭遵避邀那部都配'

    '里重野量铁铠铺销锁错键镇长门闭问闯间阔队防阵阶阻附际降限院除险陷随隔难集雨零雷需'

    '露青静非靠面页顶项顺须顿预领颗题颜额风飞食馆首驱驶驾验骰高黄黑默齐！（），：；？'

    '｜'

)

CJK_DATA = (
    b'\x00\x00\x00\x00\x00\x00\x00\x00\x01\x80\x01\x80\x00\x00\x00\x00\x00\x00\x00\x00\x00\x00\x00\x00\x00\x00\x00\x00\x00\x00\x00\x00'
    b'\x00\x00\x00\x00\x00\x00\x00\x00\x3F\xF8\x3F\xF8\x00\x00\x00\x00\x00\x00\x00\x00\x00\x00\x00\x00\x00\x00\x00\x00\x00\x00\x00\x00'
    b'\x00\x00\x00\x00\x00\x00\x00\x00\x00\x00\xFF\xFF\x00\x00\x00\x00\x00\x00\x00\x00\x00\x00\x00\x00\x00\x00\x00\x00\x00\x00\x00\x00'
    b'\x00\x00\x00\x00\x02\x20\x04\x40\x06\x40\x06\x60\x02\x60\x00\x00\x00\x00\x00\x00\x00\x00\x00\x00\x00\x00\x00\x00\x00\x00\x00\x00'
    b'\x00\x00\x00\x00\x0E\xC0\x06\xE0\x02\x40\x04\xC0\x00\x80\x00\x00\x00\x00\x00\x00\x00\x00\x00\x00\x00\x00\x00\x00\x00\x00\x00\x00'
    b'\x00\x00\x00\x00\x00\x00\x00\x00\x00\x00\x00\x00\x00\x00\x31\x8C\x21\x84\x00\x00\x00\x00\x00\x00\x00\x00\x00\x00\x00\x00\x00\x00'
    b'\x00\x00\x00\x00\x00\x00\x00\x00\x18\x00\x30\x00\x70\x00\x7F\xFF\x20\x00\x10\x00\x00\x00\x00\x00\x00\x00\x00\x00\x00\x00\x00\x00'
    b'\x00\x00\x01\x80\x03\xC0\x07\xE0\x05\xA0\x01\x80\x01\x80\x01\x80\x01\x80\x01\x80\x01\x80\x01\x80\x01\x80\x01\x80\x01\x80\x01\x80'
    b'\x00\x00\x00\x00\x00\x00\x00\x00\x00\x18\x00\x0C\x00\x0E\xFF\xFE\x00\x04\x00\x08\x00\x00\x00\x00\x00\x00\x00\x00\x00\x00\x00\x00'
    b'\x00\x00\x01\x80\x01\x80\x01\x80\x01\x80\x01\x80\x01\x80\x01\x80\x01\x80\x01\x80\x01\x80\x01\x80\x05\xA0\x03\xC0\x01\x80\x00\x00'
    b'\x00\x00\x00\x00\x00\x00\x00\x00\x00\x00\x00\x00\x30\x00\x18\x00\x0C\x00\x04\x00\x00\x00\x00\x00\x00\x00\x00\x00\x00\x00\x00\x00'
    b'\x00\x00\x00\x00\x00\x00\x00\x00\x00\x00\x00\x00\x3C\x00\x24\x00\x24\x00\x18\x00\x00\x00\x00\x00\x00\x00\x00\x00\x00\x00\x00\x00'
    b'\x00\x00\x00\x16\x00\x36\x00\x24\x00\x6C\x00\x48\x00\xD8\x00\xD0\x00\x90\x00\xD8\x00\x58\x00\x68\x00\x2C\x00\x34\x00\x36\x00\x00'
    b'\x00\x00\x68\x00\x6C\x00\x24\x00\x36\x00\x12\x00\x1B\x00\x0B\x00\x09\x00\x1B\x00\x1A\x00\x16\x00\x34\x00\x2C\x00\x6C\x00\x08\x00'
    b'\x00\x00\x00\x00\x00\x3F\x00\x30\x00\x30\x00\x30\x00\x30\x00\x30\x00\x30\x00\x30\x00\x30\x00\x00\x00\x00\x00\x00\x00\x00\x00\x00'
    b'\x00\x00\x00\x00\x00\x00\x0C\x00\x0C\x00\x0C\x00\x0C\x00\x0C\x00\x0C\x00\x0C\x00\x0C\x00\x7C\x00\x7C\x00\x00\x00\x00\x00\x00\x00'
    b'\x00\x00\x00\x3E\x00\x3C\x00\x3C\x00\x38\x00\x38\x00\x38\x00\x38\x00\x38\x00\x38\x00\x38\x00\x38\x00\x38\x00\x3C\x00\x3C\x00\x1E'
    b'\x00\x00\x7C\x00\x3C\x00\x3C\x00\x1C\x00\x1C\x00\x1C\x00\x1C\x00\x1C\x00\x1C\x00\x1C\x00\x1C\x00\x1C\x00\x3C\x00\x3C\x00\x78\x00'
    b'\x00\x00\x00\x00\x00\x00\x00\x00\x7F\xFE\x7F\xFE\x00\x00\x00\x00\x00\x00\x00\x00\x00\x00\x00\x00\x00\x00\x00\x00\x00\x00\x00\x00'
    b'\x00\x00\x00\x00\x3F\xFC\x00\x00\x00\x00\x00\x00\x00\x00\x1F\xF8\x1F\xF8\x00\x00\x00\x00\x00\x00\x00\x00\x7F\xFE\x7F\xFE\x00\x00'
    b'\x00\x00\x03\x00\x03\x00\x03\x00\x03\x00\x03\x00\x03\xFC\x03\x00\x03\x00\x03\x00\x03\x00\x03\x00\x03\x00\x03\x00\x7F\xFE\x00\x00'
    b'\x00\x00\x7F\xFE\x01\x00\x01\x00\x01\x80\x01\xE0\x01\x38\x01\x1C\x01\x00\x01\x00\x01\x00\x01\x00\x01\x00\x01\x00\x01\x00\x00\x00'
    b'\x00\x00\x7F\xFE\x00\xC0\x01\x80\x03\x80\x03\xA0\x07\xB8\x1D\x9C\x39\x8E\x61\x86\x01\x80\x01\x80\x01\x80\x01\x80\x01\x80\x00\x00'
    b'\x00\x00\x18\x00\x18\x00\x1F\xFC\x18\x00\x18\x00\x18\x00\x1F\xF8\x00\x08\x00\x08\x7F\xC8\x7F\xC8\x00\x18\x00\x18\x01\xF0\x00\x00'
    b'\x00\x00\x03\x00\x03\x00\x3F\xFC\x02\x00\x06\x00\x7F\xFE\x04\x00\x0C\x00\x0F\xF8\x00\x18\x00\x30\x06\x60\x07\xC0\x00\x70\x00\x10'
    b'\x0F\xF0\x1F\xF8\x18\x18\x18\x18\x1F\xF8\x1F\xF8\x18\x18\x18\x18\x1F\xF8\x1F\xF8\x18\x18\x18\x18\x18\x18\x7F\xFE\x00\x00\x00\x00'
    b'\x00\x00\x11\x98\x11\x98\x11\x98\x39\x98\x7F\xFE\x11\x98\x11\x98\x11\x98\x11\x98\x11\xF8\x10\x00\x10\x00\x18\x00\x1F\xFE\x00\x00'
    b'\x02\x40\x02\x40\x02\x40\x62\x46\x62\x44\x22\x44\x32\x4C\x32\x4C\x12\x48\x12\x58\x02\x40\x02\x40\x06\x60\x7F\xFE\x00\x00\x00\x00'
    b'\x00\x00\x02\x00\x06\x00\x7F\xFE\x0C\x00\x08\x00\x18\x80\x31\x80\x3F\xFC\x01\x80\x08\x90\x18\x98\x30\x8C\x60\x86\x43\x82\x03\x00'
    b'\x0C\x10\x0C\x10\x18\x30\x10\x20\x32\x64\x7E\xFC\x3C\x78\x08\x10\x18\x20\x3F\x7E\x3E\xFC\x00\x00\x00\x00\x7F\xFE\x00\x00\x00\x00'
    b'\x00\x3C\x3F\xF8\x01\x80\x01\x80\x3F\xFC\x01\x80\x01\x80\x7F\xFE\x7F\xFE\x04\x00\x0C\x30\x08\x18\x18\xFC\x3F\xFC\x00\x04\x00\x00'
    b'\x00\x00\x7F\xFE\x04\x60\x04\x60\x3F\xFC\x3F\xFC\x24\x64\x26\x64\x2E\x74\x2D\xDC\x38\xDC\x20\x84\x20\x04\x20\x1C\x20\x08\x00\x00'
    b'\x3F\xFC\x3F\xFC\x13\x48\x1B\x48\x0B\x48\x1F\xFC\x3F\xFE\x30\x00\x30\x00\x30\x00\x20\x00\x20\x00\x60\x00\x40\x00\x00\x00\x00\x00'
    b'\x00\x00\x01\x80\x01\x80\x7F\xFC\x01\x88\x11\x88\x19\x98\x01\x90\x7F\xFE\x19\x80\x19\x8C\x18\xF0\x18\x60\x1F\x38\x1C\x0E\x00\x00'
    b'\x00\x00\x01\x80\x03\xC0\x06\x60\x0C\x30\x38\x1C\x71\x8E\x41\x82\x01\x80\x01\x80\x01\x80\x01\x80\x01\x80\x01\x80\x01\x80\x00\x00'
    b'\x00\x00\x01\x80\x01\x80\x01\x80\x3F\xFC\x21\x84\x21\x84\x21\x84\x21\x84\x3F\xFC\x21\x84\x01\x80\x01\x80\x01\x80\x01\x80\x01\x80'
    b'\x00\x00\x01\x80\x1F\xF8\x3F\xFC\x31\x8C\x31\x8C\x3F\xFC\x01\x80\x3F\xFC\x31\x8C\x21\x84\x21\x84\x3F\xFC\x01\x80\x01\x80\x00\x00'
    b'\x00\x00\x08\xC0\x08\xC0\x69\xFE\x69\x80\x6B\x30\x6A\x18\x68\x00\x69\xFE\x69\x36\x69\x26\x69\x26\x69\x26\x09\xFE\x09\xFE\x09\x00'
    b'\x00\x00\x03\x00\x33\x00\x1B\x00\x0B\x00\x7F\xFC\x03\x04\x02\x04\x02\x84\x06\xC4\x06\x64\x0C\x24\x18\x04\x38\x0C\x60\x78\x00\x30'
    b'\x00\x00\x01\x00\x01\x00\x3F\xFC\x7F\xFE\x01\x80\x01\x80\x01\x80\x3F\xFC\x3F\xFC\x01\x80\x01\x80\x01\x80\x01\x80\x7F\xFE\x00\x00'
    b'\x00\x00\x11\x08\x19\x18\x09\x90\x19\x30\x7F\xFE\x08\x10\x19\x98\x7F\xFE\x4F\xF2\x01\x80\x3F\xFC\x3F\xFC\x01\x80\x01\x80\x00\x00'
    b'\x00\x00\x06\x00\x06\x00\x0F\xF0\x0F\xF0\x18\x20\x30\x60\x60\xC0\x00\xC0\x01\xC0\x03\xE0\x06\x60\x0C\x38\x38\x1C\x60\x06\x00\x00'
    b'\x00\x00\x03\x00\x03\x00\x06\x00\x0C\x60\x0C\x60\x18\xC0\x31\x80\x61\x80\x43\x30\x06\x18\x0E\x08\x0C\x0C\x1F\xFC\x1F\x86\x00\x00'
    b'\x00\x00\x02\x00\x03\x08\x11\x88\x30\x98\x18\x18\x08\x30\x0C\x30\x06\x60\x03\xC0\x01\xC0\x03\xC0\x07\x70\x1C\x3C\x70\x0E\x00\x00'
    b'\x00\x00\x03\x00\x01\x00\x01\x80\x3F\xFC\x00\x08\x00\x18\x00\x30\x00\x60\x00\xC0\x01\x80\x07\x00\x3C\x00\x26\x00\x63\xFE\x00\x00'
    b'\x00\x00\x00\x38\x1F\xF0\x30\x00\x31\x80\x21\x80\x21\x80\x3F\xFE\x01\x80\x01\x80\x19\x98\x31\x88\x31\x8C\x61\x84\x47\x84\x06\x00'
    b'\x00\x00\x02\x00\x02\x00\x02\x00\x3F\xF0\x3F\xF0\x02\x30\x06\x30\x06\x30\x06\x30\x04\x30\x0C\x32\x18\x32\x30\x32\x60\x1E\x00\x00'
    b'\x00\x00\x00\x80\x10\x80\x10\x80\x11\xFC\x1F\xEC\x7F\x8C\x50\x8C\x10\x8C\x10\x8C\x10\x98\x10\x82\x18\x02\x18\x06\x0F\xFE\x00\x00'
    b'\x00\x00\x3F\xFC\x00\x0C\x00\x0C\x18\x0C\x0C\x0C\x06\x0C\x00\x0C\x00\xCC\x03\x8C\x1E\x0C\x30\x08\x00\x08\x00\xF8\x00\x60\x00\x00'
    b'\x00\x00\x03\x18\x03\x0C\x3F\xF6\x3F\xF8\x03\x10\x03\x10\x03\x10\x7F\xFC\x03\x04\x03\x04\x03\x04\x03\x0C\x03\x38\x03\x00\x01\x00'
    b'\x03\x60\x7F\x60\x0C\x60\x0C\x60\x7F\x60\x7F\x60\x0C\x60\x0C\x60\x7F\x60\x63\x60\x61\x62\x61\x62\x7F\x62\x7F\x3E\x00\x00\x00\x00'
    b'\x00\x00\x3F\xFC\x00\x1C\x00\x30\x00\x60\x00\xC0\x01\x80\x01\x80\x01\x80\x01\x80\x01\x80\x01\x80\x01\x80\x07\x80\x00\x00\x00\x00'
    b'\x1F\xF0\x1F\xF8\x00\x30\x06\x60\x03\xC0\x3F\xFC\x7F\xFE\x01\x8C\x01\x98\x01\x90\x01\x80\x01\x80\x01\x80\x07\x80\x07\x00\x00\x00'
    b'\x00\x00\x04\x00\x0F\xF0\x1F\xF0\x30\xE0\x3F\xF8\x01\x98\x01\x98\x7F\xFE\x01\x88\x01\x98\x1F\xF8\x01\x00\x01\x00\x0F\x00\x06\x00'
    b'\x00\x00\x01\x80\x7F\xFE\x01\x80\x1F\xF8\x11\x88\x1F\xF8\x01\x80\x3F\xFC\x01\x8C\x7F\xFE\x01\x8C\x3F\xFC\x01\x80\x07\x80\x06\x00'
    b'\x00\x00\x00\x00\x3F\xFC\x00\x00\x00\x00\x00\x00\x00\x00\x00\x00\x00\x00\x00\x00\x00\x00\x00\x00\x7F\xFE\x00\x00\x00\x00\x00\x00'
    b'\x3F\xFC\x3F\xFC\x01\x80\x01\x80\x01\x80\x01\x80\x7F\xFE\x01\x80\x01\x80\x01\x80\x01\x80\x01\x80\x01\x80\x0F\x80\x00\x00\x00\x00'
    b'\x3F\xFC\x7F\xFE\x04\x00\x04\x00\x0F\xF8\x0F\xF8\x08\x10\x08\x10\x18\x10\x1F\xF0\x00\x30\x00\x30\x00\x30\x7F\xFE\x00\x00\x00\x00'
    b'\x00\x00\x04\x40\x04\x44\x26\x7E\x27\x70\x24\x40\x24\x42\x2F\x66\x7F\x7E\x40\x00\x00\x00\x1F\xF8\x00\x00\x00\x00\x7F\xFE\x00\x00'
    b'\x00\x00\x01\x00\x01\x80\x01\x80\x7F\xFE\x10\x00\x10\x00\x10\x00\x10\x00\x10\x00\x10\x00\x10\x00\x10\x00\x18\x00\x1F\xFC\x00\x00'
    b'\x00\x00\x01\x00\x01\x80\x7F\xFE\x00\x20\x0C\x30\x18\x18\x30\x0C\x6C\x36\x06\x60\x03\xC0\x01\xC0\x07\xE0\x1E\x78\x78\x1E\x00\x00'
    b'\x00\x00\x01\x80\x3F\xFC\x3F\xFC\x04\x30\x04\x20\x3F\xFE\x30\x00\x20\x00\x20\x00\x20\x00\x20\x00\x60\x00\x60\x00\x40\x00\x00\x00'
    b'\x00\x00\x01\x80\x01\x80\x01\x80\x01\x80\x01\x80\x01\x80\x03\xC0\x03\x40\x06\x60\x06\x20\x0C\x30\x18\x18\x70\x0C\x60\x06\x00\x00'
    b'\x00\x00\x08\x60\x18\x60\x18\x60\x30\x60\x30\x60\x77\xFE\x73\xFE\x10\x60\x10\x60\x10\x60\x10\x60\x10\x60\x10\x60\x10\x60\x10\x20'
    b'\x00\x00\x08\x00\x1B\xFC\x11\x0C\x31\x0C\x31\x8C\x71\x88\x70\x98\x30\xD8\x30\x70\x30\x70\x30\x70\x30\xD8\x31\x8C\x37\x06\x10\x00'
    b'\x00\x00\x01\x80\x03\xC0\x06\x60\x1C\x38\x73\x0E\x61\x86\x00\xC0\x00\x00\x3F\xFC\x00\x08\x00\x18\x00\x30\x00\xE0\x01\xC0\x00\x00'
    b'\x00\x00\x1B\xF8\x1F\xF8\x11\x88\x31\x98\x31\x98\x71\x98\x71\x9E\x31\x86\x31\x06\x31\x06\x33\x06\x32\x06\x36\x04\x3C\x3C\x10\x00'
    b'\x00\x00\x08\x30\x08\x30\x08\x30\x08\x30\x08\x30\x08\x30\x18\x30\x1C\x30\x1E\x78\x13\x68\x33\x4C\x30\xC4\x61\x86\x41\x02\x00\x00'
    b'\x00\x00\x01\x80\x03\xC0\x06\x60\x0C\x30\x38\x1C\x60\x06\x4F\xF0\x08\x10\x08\x10\x08\x30\x08\xF0\x08\x04\x0C\x0C\x0F\xFC\x00\x00'
    b'\x00\x00\x09\xFC\x19\xFC\x18\x0C\x30\x18\x30\x30\x70\x20\x70\x70\x37\xFE\x30\x20\x30\x20\x30\x20\x30\x20\x30\x20\x30\xE0\x10\xC0'
    b'\x00\x00\x08\x60\x1A\x60\x12\x64\x32\x7C\x33\xF4\x7F\xE4\x76\x64\x32\x64\x32\x6C\x32\x68\x32\x62\x32\x02\x32\x06\x33\xFE\x10\x00'
    b'\x00\x00\x08\x08\x18\x08\x18\x08\x33\xFE\x33\xFE\x70\x08\x70\x08\x11\x08\x11\x88\x10\xC8\x10\x08\x10\x08\x10\x08\x10\x78\x10\x70'
    b'\x00\x00\x08\x90\x18\x98\x18\x88\x30\xC0\x30\xFE\x77\xE0\x70\xC0\x10\xC0\x10\x40\x10\x40\x10\x62\x10\x22\x10\x32\x10\x1E\x10\x04'
    b'\x01\x80\x03\xC0\x06\x60\x0C\x38\x3B\x1C\x61\xC6\x00\x00\x1F\xF8\x1F\xF8\x00\x30\x04\x60\x07\xC0\x01\xC0\x00\x70\x00\x00\x00\x00'
    b'\x00\x00\x20\x08\x20\x08\x26\x08\x23\x08\x21\x08\x21\x98\x20\x98\x20\x10\x20\x30\x22\x38\x3E\x6C\x38\xC4\x21\x86\x03\x02\x00\x00'
    b'\x00\x00\x09\x00\x19\xBE\x18\x86\x32\x06\x32\x06\x72\x06\x72\x06\x32\x06\x32\x06\x32\x06\x32\x06\x32\x06\x32\x06\x32\x1E\x12\x08'
    b'\x00\x00\x08\x20\x19\x20\x1B\x20\x33\xFE\x33\xFC\x76\x20\x74\x20\x30\x20\x37\xFE\x33\xFE\x30\x20\x30\x20\x30\x20\x30\x20\x10\x20'
    b'\x00\x00\x08\x60\x18\xE0\x11\x90\x31\x18\x37\x0C\x7E\x06\x75\x98\x31\x98\x31\x18\x31\x18\x31\x18\x33\x18\x33\x18\x36\x18\x10\x00'
    b'\x00\x00\x08\x04\x1B\xFC\x1B\xE0\x30\x60\x30\x60\x70\x60\x70\x60\x37\xFE\x30\x60\x30\x60\x30\x60\x30\x60\x30\x60\x33\xFE\x10\x00'
    b'\x00\x00\x09\x90\x19\x98\x19\x18\x33\x0C\x36\x06\x76\x06\x77\xF8\x30\xD8\x30\x88\x30\x88\x31\x88\x31\x08\x33\x18\x36\x78\x10\x00'
    b'\x00\x00\x08\x00\x1B\xFE\x18\xC0\x30\xC0\x30\xC0\x70\xC0\x73\xFC\x30\xCC\x30\x8C\x30\x8C\x30\x8C\x31\x8C\x31\x8C\x37\xFE\x10\x00'
    b'\x00\x00\x08\x40\x18\x40\x18\x40\x37\xFC\x30\xF0\x70\xF0\x71\x50\x31\x48\x32\x4C\x36\x44\x34\x46\x34\x42\x30\x40\x30\x40\x10\x40'
    b'\x00\x00\x01\x80\x03\xC0\x06\x60\x0C\x30\x38\x1C\x60\x2E\x4C\x22\x0C\x20\x0C\x20\x0C\x30\x1E\x78\x1B\x48\x30\xCE\x61\x86\x00\x00'
    b'\x00\x00\x08\xD0\x18\xD8\x18\xCC\x10\xC0\x37\xFE\x70\xF0\x70\xB0\x10\xB0\x11\xB0\x11\xB0\x11\x30\x13\x32\x16\x32\x16\x3E\x10\x00'
    b'\x00\x00\x08\x60\x18\x60\x18\x60\x13\x66\x33\x64\x72\x64\x72\x6C\x12\x60\x10\x70\x10\xD0\x10\x98\x11\x88\x13\x0C\x16\x06\x10\x00'
    b'\x00\x00\x01\x80\x03\xC0\x06\x60\x1C\x38\x78\x1E\x6F\xF6\x00\x00\x00\x00\x3F\xFC\x06\x20\x0C\x30\x0C\x10\x18\xF8\x3F\xEC\x00\x00'
    b'\x00\x00\x08\x40\x18\x40\x1B\xFE\x30\xC0\x30\xC0\x77\xFE\x71\x80\x31\x00\x31\xFE\x30\x0C\x30\x0C\x31\xF8\x30\x70\x30\x38\x10\x08'
    b'\x00\x00\x09\x80\x19\x80\x1B\xFE\x33\x00\x36\x40\x70\x40\x73\xFE\x33\xFE\x30\x46\x30\xC6\x30\xC6\x31\x86\x33\x06\x37\x3C\x10\x00'
    b'\x00\x00\x08\x60\x1A\x64\x13\x6C\x31\x6C\x30\x60\x77\xFE\x70\x60\x30\x60\x30\x60\x37\xFE\x30\x60\x30\x60\x30\x60\x30\x60\x10\x20'
    b'\x00\x00\x1B\xFC\x1F\xFE\x10\x06\x33\xF6\x37\xF6\x70\x06\x73\xE6\x33\xF6\x32\x36\x32\x36\x33\xF6\x33\xE6\x30\x06\x30\x1E\x10\x18'
    b'\x00\x00\x08\x00\x1B\xFC\x1B\x04\x33\x04\x33\x04\x73\xFC\x73\x0C\x33\x04\x33\x04\x33\xFC\x31\xFC\x30\x00\x30\x00\x37\xFE\x10\x00'
    b'\x00\x00\x08\x40\x18\x60\x1B\xFE\x37\xFE\x30\x00\x73\x0C\x73\x0C\x31\x08\x31\x08\x31\x98\x31\x98\x30\x90\x31\x38\x37\xFE\x10\x00'
    b'\x00\x00\x08\x0C\x19\xFC\x1B\xF0\x32\x30\x32\x30\x72\x30\x73\xFE\x32\x10\x32\x10\x32\x10\x32\x1A\x32\x4A\x37\x6E\x36\x26\x10\x00'
    b'\x00\x00\x08\x40\x18\x60\x1B\xFC\x37\xFE\x30\x60\x70\x60\x70\x60\x33\xFC\x33\xFC\x30\x60\x30\x60\x30\x60\x30\x60\x37\xFE\x10\x00'
    b'\x00\x00\x08\x60\x18\x60\x1F\xFC\x17\xFE\x30\xF0\x71\x70\x71\x78\x73\x68\x32\x6C\x36\x66\x3D\xFA\x30\x60\x30\x60\x30\x60\x10\x40'
    b'\x00\x00\x08\x00\x1F\xFE\x10\x04\x30\x04\x33\xE4\x73\xE4\x72\x24\x32\x24\x32\x24\x33\xE4\x33\xE4\x30\x04\x30\x04\x30\x3C\x10\x38'
    b'\x00\x00\x01\x80\x07\xE0\x0E\x30\x38\x1C\x7F\xFE\x0F\xF0\x01\x80\x3F\xFC\x3F\xFC\x01\x80\x09\x98\x19\x8C\x31\x86\x27\x80\x00\x00'
    b'\x00\x00\x09\x80\x19\x80\x19\xFE\x33\xE0\x36\xC0\x76\xC0\x74\xFE\x30\xC0\x30\xC0\x30\xC0\x30\xFE\x30\xC0\x30\xC0\x30\xC0\x10\x40'
    b'\x00\x00\x09\x00\x19\x00\x1B\xFE\x32\x06\x36\x24\x74\x60\x70\x60\x31\x6C\x33\x64\x32\x64\x36\x66\x36\x62\x30\x62\x31\xE0\x10\x80'
    b'\x00\x00\x08\x60\x18\x60\x1B\xFC\x30\x60\x30\x60\x77\xFE\x77\xFE\x30\x60\x30\x60\x33\xFC\x30\x60\x30\x60\x30\x60\x37\xFE\x10\x00'
    b'\x00\x00\x08\x60\x1B\xFE\x13\xFE\x30\x60\x33\xFE\x73\x66\x72\x66\x33\x66\x33\xFE\x32\x60\x33\x60\x31\xC0\x31\xF0\x37\xBE\x14\x02'
    b'\x00\x00\x18\x06\x17\xD6\x33\x16\x32\x16\x73\xD6\x76\xD6\x76\xD6\x3E\xD6\x3F\x96\x31\x96\x31\x96\x33\x06\x37\x06\x36\x1E\x20\x08'
    b'\x00\x00\x09\x98\x19\x98\x19\x98\x33\xFE\x33\xFE\x71\x98\x71\x98\x31\x98\x37\xFE\x30\x08\x31\x98\x31\x8C\x33\x0C\x36\x06\x10\x00'
    b'\x00\x00\x08\x40\x18\x60\x17\xFE\x37\xFE\x30\xA0\x71\xB0\x71\x36\x13\x1C\x17\x18\x1D\x18\x11\x0C\x11\x0C\x11\xE6\x13\xC2\x10\x00'
    b'\x00\x00\x10\x06\x17\xD6\x34\x56\x35\x56\x65\x56\x65\x56\x65\x56\x25\x56\x25\x56\x25\x56\x27\x56\x23\x86\x26\xC6\x2C\x7E\x20\x08'
    b'\x00\x00\x1B\xFE\x1B\xFE\x10\x60\x33\xFC\x32\x64\x72\x64\x73\xFC\x32\x64\x33\xFC\x32\x60\x33\x40\x31\xC0\x31\xE0\x37\x3E\x14\x02'
    b'\x00\x00\x18\xA0\x1B\xAC\x37\x26\x31\x30\x7F\xFE\x77\xFE\x71\x30\x31\x34\x33\xFC\x3F\x18\x31\x18\x31\x32\x31\x7A\x37\x0E\x24\x04'
    b'\x00\x00\x08\x00\x1B\xFC\x13\x0C\x33\x0C\x33\xFC\x73\xFC\x70\x60\x37\xFE\x37\xFE\x31\xF8\x31\x68\x32\x6C\x36\x66\x34\x62\x10\x40'
    b'\x00\x00\x18\x60\x18\x60\x17\xFE\x30\x00\x33\xFC\x71\xFC\x71\xFC\x33\xFC\x30\x00\x33\xFC\x33\x04\x32\x04\x33\xFC\x33\xFC\x12\x04'
    b'\x00\x00\x08\x40\x18\xFE\x11\xCC\x37\xCC\x34\x78\x74\xFC\x77\x86\x34\x30\x35\xEC\x34\x18\x34\xF6\x34\x8C\x30\x38\x31\xE0\x10\x00'
    b'\x00\x00\x18\xF8\x19\xF8\x10\x08\x35\xFE\x35\xFE\x74\x80\x75\xFC\x35\xB0\x35\x20\x37\xFE\x34\x70\x34\x58\x30\xCC\x33\x86\x00\x00'
    b'\x00\x00\x08\x20\x1B\xFE\x13\xFE\x30\x60\x33\xFC\x73\x0C\x73\xFC\x13\x0C\x13\xFC\x13\xFC\x13\x0C\x13\xFC\x13\x0C\x17\xFE\x10\x00'
    b'\x00\x00\x18\x40\x1B\xFC\x17\xFE\x36\x06\x36\x06\x77\xFE\x76\x00\x37\xFE\x35\x5E\x35\x52\x35\xFE\x3D\x5E\x39\x52\x39\x5E\x11\x04'
    b'\x00\x00\x1B\x10\x1B\x10\x13\x3E\x3F\xFE\x33\x34\x73\x74\x73\x74\x37\x94\x36\x9C\x34\x9C\x34\x88\x34\x9C\x37\xB6\x34\x62\x30\x00'
    b'\x00\x00\x18\x40\x1F\xFE\x10\x00\x33\xFC\x33\x0C\x73\xFC\x70\x00\x37\xFE\x34\x06\x36\x06\x33\xFC\x30\x60\x30\x60\x31\xE0\x20\x80'
    b'\x00\x00\x0B\xFC\x1B\xFC\x1A\x64\x33\xFC\x33\x64\x73\x6C\x73\xFC\x30\x60\x37\xFE\x36\x66\x36\x7E\x37\xFE\x36\x0E\x36\x0E\x14\x08'
    b'\x00\x00\x19\x80\x1B\xF8\x16\x30\x37\xFE\x36\x66\x76\x66\x73\xFC\x31\xC4\x37\x7C\x31\xF8\x37\x7C\x34\xF6\x33\xB6\x36\x72\x10\x40'
    b'\x00\x00\x17\xFE\x30\x00\x33\xFC\x32\x6C\x73\x6C\x73\xFC\x70\x00\x37\xFE\x33\xFC\x36\x64\x37\xFC\x36\x6C\x33\xFC\x3F\xFE\x20\x00'
    b'\x04\x40\x0C\x60\x0C\x60\x0C\x60\x0C\x60\x0C\x60\x0C\x60\x0C\x60\x0C\x60\x08\x60\x18\x62\x18\x62\x30\x66\x60\x3E\x00\x00\x00\x00'
    b'\x00\x00\x02\x00\x06\x00\x04\x30\x0C\x10\x18\x18\x3F\xF8\x38\x0C\x04\x40\x04\x40\x04\x40\x0C\x42\x08\x42\x18\x46\x70\x7E\x00\x00'
    b'\x00\x00\x3F\xF8\x00\x00\x00\x00\x00\x00\x7F\xFE\x7F\xFE\x06\x60\x04\x60\x04\x60\x0C\x60\x0C\x62\x38\x66\x70\x7E\x00\x00\x00\x00'
    b'\x00\x00\x01\x00\x01\x80\x7F\xFE\x06\x00\x04\x30\x0C\x18\x1F\xF8\x1E\x0C\x04\x40\x04\x40\x04\x40\x0C\x42\x18\x46\x70\x7E\x00\x00'
    b'\x00\x00\x09\x80\x19\x80\x1F\xFC\x3F\xFC\x61\x80\x21\x80\x7F\xFE\x7F\xFE\x06\x60\x04\x60\x0C\x62\x0C\x62\x38\x66\x70\x3E\x00\x00'
    b'\x00\x00\x01\x80\x31\x8C\x19\x88\x19\x98\x09\x90\x01\x80\x7F\xFE\x06\x60\x04\x60\x04\x60\x0C\x62\x0C\x62\x38\x66\x70\x7E\x00\x00'
    b'\x00\x00\x06\x00\x0F\xF0\x1F\xF0\x30\x60\x7F\xFC\x3F\xFC\x11\x8C\x11\x8C\x1F\xFC\x03\xC0\x02\x40\x06\x42\x1C\x42\x70\x7E\x00\x00'
    b'\x00\x00\x01\x80\x3F\xFE\x27\xE6\x26\x66\x27\xE6\x26\x66\x26\x66\x7F\xFE\x00\x00\x06\x60\x06\x60\x0C\x62\x1C\x66\x70\x7E\x00\x00'
    b'\x00\x00\x04\x00\x06\x00\x03\x00\x01\x80\x01\x80\x03\x80\x03\xC0\x02\x40\x06\x60\x0C\x30\x0C\x30\x18\x18\x70\x0C\x60\x06\x00\x00'
    b'\x00\x00\x01\x80\x03\xC0\x0E\x70\x18\x18\x70\x0E\x4F\xF2\x01\x80\x01\x80\x01\x80\x1F\xF8\x01\x80\x01\x80\x01\x80\x7F\xFE\x00\x00'
    b'\x00\x00\x04\x20\x0C\x20\x0C\x30\x18\x10\x18\x18\x31\x0C\x61\x06\x63\x06\x02\x00\x06\x30\x0C\x10\x08\x18\x1F\xF8\x3F\x8C\x00\x00'
    b'\x02\x00\x03\x80\x00\xC0\x00\x00\x7F\xFE\x7F\xFE\x00\x00\x04\x20\x0C\x30\x0C\x18\x18\x18\x38\x0C\x30\x04\x60\x06\x00\x00\x00\x00'
    b'\x00\x00\x0C\x30\x0C\x30\x0C\x30\x3F\xFC\x0C\x30\x0C\x30\x0C\x30\x0C\x30\x7F\xFE\x04\x00\x04\x30\x0C\x38\x38\x0C\x70\x06\x00\x00'
    b'\x00\x00\x0C\x30\x0C\x30\x06\x20\x3F\xFC\x3F\xFC\x01\x80\x01\x80\x7F\xFE\x7F\xFE\x03\xC0\x06\x60\x0E\x30\x1C\x1C\x70\x0E\x00\x00'
    b'\x00\x00\x08\x10\x7F\xFE\x7F\xFE\x08\x10\x0F\xF0\x0C\x30\x08\x10\x0F\xF0\x08\x10\x1C\x38\x7F\xFE\x04\x20\x1C\x38\x70\x0E\x00\x00'
    b'\x1F\xF8\x1F\xF8\x18\x18\x1F\xF8\x18\x18\x1F\xF8\x1F\xF8\x18\x18\x1F\xF8\x18\x18\x7F\xFE\x7F\xFE\x1C\x38\x78\x0E\x00\x00\x00\x00'
    b'\x00\x00\x04\x30\x0E\x70\x7F\xFE\x01\x80\x3F\xFC\x03\x00\x7F\xFE\x0E\x30\x1C\x38\x76\x3E\x66\x22\x04\x20\x0C\x20\x38\x20\x00\x20'
    b'\x00\x00\x0C\x30\x0E\x70\x7F\xFE\x06\x40\x3F\xFC\x06\x6C\x7F\xFE\x7F\xFE\x06\x6C\x3F\xFC\x06\x60\x1E\x70\x36\x4C\x66\x46\x02\x40'
    b'\x00\x00\x01\x80\x01\x80\x3F\xFC\x3F\xFC\x21\x84\x21\x84\x23\xC4\x23\x64\x26\x64\x2C\x34\x28\x14\x20\x04\x20\x04\x20\x3C\x20\x00'
    b'\x00\x00\x7F\xFE\x01\x80\x1F\xF8\x3F\xF8\x31\x88\x3F\xF8\x3F\xF8\x31\x88\x7F\xFE\x7F\xFE\x30\x08\x30\x08\x30\x38\x10\x10\x00\x00'
    b'\x3F\xFC\x3F\xFC\x27\xE4\x27\xE4\x27\xE4\x27\xE4\x1F\xF8\x1F\xF8\x18\x18\x1F\xF8\x18\x18\x1F\xF8\x18\x18\x1F\xF8\x10\x08\x00\x00'
    b'\x3F\xFC\x7F\xFE\x64\x06\x64\x06\x0F\xF0\x0C\x00\x08\x00\x1F\xFC\x00\x0C\x00\x0C\x7F\xEC\x00\x08\x00\x08\x00\x78\x00\x60\x00\x00'
    b'\x00\x00\x01\x80\x01\x80\x3F\xFC\x3F\xFC\x23\x84\x26\x84\x04\xC0\x0C\x4C\x18\x78\x78\x30\x68\x30\x08\x18\x0F\x8C\x0E\x06\x00\x00'
    b'\x00\x00\x00\x60\x60\x60\x20\x60\x37\xFE\x16\x66\x06\x66\x06\x66\x16\x66\x17\xFE\x36\x66\x20\x60\x60\x60\x60\x60\x40\x60\x00\x20'
    b'\x00\x00\x00\x40\x60\x40\x23\xFC\x33\xFC\x10\x4C\x00\x4C\x00\x4C\x17\xFE\x10\xE0\x30\xB0\x21\x90\x63\x18\x67\x0C\x4E\x06\x00\x00'
    b'\x00\x00\x63\xFC\x32\x0C\x12\x0C\x12\x0C\x02\x0C\x03\xFC\x11\xB0\x11\xB0\x31\xB0\x21\x32\x63\x32\x66\x32\x4C\x1E\x00\x00\x00\x00'
    b'\x00\x00\x00\xC0\x61\xF8\x23\x38\x3E\x30\x17\xFC\x00\x6C\x00\x6C\x17\xFE\x10\x44\x33\xFC\x23\xFC\x60\x40\x60\x40\x43\xC0\x01\x80'
    b'\x00\x00\x01\x20\x63\x30\x23\xFC\x33\xFE\x16\x30\x0E\x30\x0B\xFE\x02\x30\x12\x30\x33\xFE\x33\x30\x22\x30\x63\xFE\x63\xFE\x02\x00'
    b'\x00\x00\x00\x30\x60\x34\x27\xFE\x36\x30\x05\xD0\x05\xD6\x04\x14\x15\xDC\x35\x5C\x35\x58\x25\xD8\x6D\xFA\x68\x3E\x48\x66\x00\x00'
    b'\x00\x00\x40\x60\x67\xFE\x20\xC0\x33\xFC\x01\xC0\x0F\xFE\x07\xFE\x17\x0C\x3F\xFE\x30\x40\x27\xFC\x60\xC0\x61\xB8\x47\x0C\x00\x04'
    b'\x0F\xE0\x0F\xE0\x08\x20\x08\x20\x08\x20\x08\x20\x08\x20\x08\x20\x18\x20\x18\x22\x10\x22\x30\x22\x30\x32\x60\x3E\x00\x00\x00\x00'
    b'\x00\x20\x68\x36\x6C\x26\x66\x66\x63\x46\x61\xC6\x61\xC6\x63\xE6\x67\x26\x6E\x36\x68\x16\x60\x06\x7F\xFE\x7F\xFE\x20\x04\x00\x00'
    b'\x00\x00\x01\x80\x31\x8C\x31\x8C\x31\x8C\x31\x8C\x3F\xFC\x3F\xFC\x01\x80\x21\x84\x21\x84\x21\x84\x21\x84\x3F\xFC\x3F\xFC\x20\x04'
    b'\x01\x80\x01\x80\x3F\xFC\x3F\xF8\x01\x80\x01\x80\x7F\xFE\x01\x80\x01\x80\x31\x8C\x31\x8C\x31\x8C\x31\x8C\x3F\xFC\x10\x08\x00\x00'
    b'\x1F\xF8\x1F\xF8\x00\x30\x20\xC4\x68\x96\x6C\xB6\x65\xA6\x63\xC6\x67\xE6\x7C\xBE\x71\x8E\x63\x06\x60\x06\x7F\xFE\x20\x04\x00\x00'
    b'\x00\x00\x00\x20\x06\x20\x0C\x30\x18\x18\x30\x0C\x60\x06\x5F\xFA\x1F\xF8\x02\x18\x06\x18\x06\x10\x0C\x10\x18\x30\x31\xF0\x01\xC0'
    b'\x10\x00\x33\xFE\x30\x66\x32\x66\x7E\x66\x70\x66\x30\x66\x30\x46\x30\x46\x36\xC6\x3C\x86\x31\x86\x03\x04\x06\x3C\x00\x00\x00\x00'
    b'\x00\x00\x16\x06\x12\x26\x10\x36\x10\x36\x7F\xB6\x78\x36\x19\x36\x1B\x36\x1E\x36\x0E\x36\x0C\x36\x3C\x86\x76\x86\x03\x9E\x00\x18'
    b'\x7F\x86\x7F\xA6\x18\x26\x18\x26\x1F\x26\x31\x26\x33\x26\x7B\x26\x5E\x26\x06\x26\x0C\x26\x18\x06\x38\x06\x60\x1E\x00\x18\x00\x00'
    b'\x00\x00\x3F\x06\x7F\xA6\x61\xB6\x6D\xB6\x6D\xB6\x6D\xB6\x6D\xB6\x6D\xB6\x6D\xB6\x6D\xB6\x28\x36\x1A\x06\x33\x06\x71\x9E\x40\x00'
    b'\x00\x00\x3F\x86\x7F\x96\x60\x96\x62\x96\x72\x96\x7E\x96\x6C\x96\x6C\x96\x6E\x96\x6E\x96\x7B\x96\x70\x86\x60\x86\x63\x9E\x42\x18'
    b'\x00\x00\x0C\x06\x0E\x16\x13\x16\x31\x96\x60\xD6\x7F\x16\x33\x16\x31\x16\x31\x16\x37\x16\x36\x16\x30\x86\x30\xC6\x3F\x9E\x00\x18'
    b'\x00\x00\x30\x00\x11\xFE\x7C\x66\x7C\x46\x0C\x46\x18\x46\x12\x46\x3C\x46\x7C\xC6\x56\xC6\x11\x86\x11\x86\x13\x0C\x16\x3C\x10\x00'
    b'\x00\x00\x39\x86\x3B\xD6\x2A\xD6\x2A\xD6\x2A\xD6\x2A\xD6\x7F\xD6\x7F\xD6\x2A\xD6\x6A\xD6\x6A\xD6\x4A\xC6\x4E\xC6\x5E\xDE\x10\x88'
    b'\x00\x00\x0C\x06\x6D\x26\x2D\x26\x2F\x26\x0C\x26\x7F\xA6\x0C\x26\x0C\x26\x7F\xA6\x7F\xA6\x18\x26\x10\x06\x30\x06\x60\x1E\x00\x18'
    b'\x00\x00\x07\x06\x7E\x26\x08\x66\x08\x66\x7F\x66\x7F\x66\x1C\x66\x1E\x66\x3B\x66\x69\x66\x48\x66\x08\x06\x08\x06\x08\x3C\x08\x18'
    b'\x00\x00\x3F\x06\x7F\x26\x61\x26\x61\x26\x7F\x26\x3F\x26\x08\x26\x7F\x26\x7F\xA6\x19\xA6\x19\xA6\x31\x86\x31\x06\x67\x1E\x00\x18'
    b'\x00\x00\x7F\x86\x7F\xA6\x18\x36\x33\x36\x33\xB6\x7F\xB6\x40\xB6\x0C\x36\x3F\x36\x7F\xB6\x0C\x36\x0C\x06\x0F\x86\x7E\x1E\x00\x18'
    b'\x00\x00\x24\x06\x2C\x26\x7F\xB6\x6C\x36\x44\x36\x7F\xB6\x0C\x36\x0C\x36\x7F\xB6\x6C\xB6\x64\xB6\x64\x86\x67\x86\x25\x1E\x04\x18'
    b'\x00\x00\x3F\x86\x3F\xD6\x20\xD6\x3F\xD6\x3F\x96\x22\x16\x2F\x96\x3F\xD6\x7A\xD6\x7A\xD6\x7A\xD6\x5A\xC6\x5B\x86\x42\x1E\x02\x18'
    b'\x00\x00\x0C\x06\x7F\xA6\x7F\xB6\x0C\x36\x7F\xB6\x6D\xB6\x6D\xB6\x6D\xB6\x6F\x36\x1E\x36\x3F\x36\x6D\x86\x4C\x06\x0C\x1C\x04\x08'
    b'\x00\x00\x0C\x06\x7F\xA6\x7F\xB6\x18\x36\x31\x36\x33\x36\x7E\x36\x0C\xB6\x19\xB6\x73\x36\x46\x36\x0F\x06\x19\x86\x70\x9E\x40\x18'
    b'\x00\x00\x0C\x06\x7F\x96\x7F\xB6\x23\x36\x3E\x36\x0F\x36\x79\xB6\x40\xB6\x31\x36\x31\x36\x31\x36\x31\x06\x21\x06\x61\x1E\x01\x18'
    b'\x00\x00\x0C\x30\x06\x30\x7F\xFE\x00\x00\x3F\x04\x3F\x64\x23\x64\x3F\x64\x33\x64\x23\x64\x3F\x64\x33\x64\x23\x04\x27\x3C\x24\x10'
    b'\x00\x00\x3F\x06\x3F\x96\x21\xB6\x3F\xB6\x21\xB6\x3F\xB6\x30\x36\x3F\xB6\x7B\xB6\x12\xB6\x36\xB6\x6C\x86\x19\x86\x33\x9E\x00\x08'
    b'\x00\x00\x07\x82\x3E\x06\x06\x16\x7F\xD6\x04\x16\x75\xD6\x75\x96\x15\x56\x75\xD6\x0E\x16\x1F\x16\x35\x96\x64\x86\x04\x0E\x04\x08'
    b'\x00\x00\x04\x30\x7F\xFE\x00\x00\x3F\x2C\x33\x2C\x3F\x2C\x3F\x2C\x33\x0C\x27\x3C\x00\x00\x3F\xFC\x03\x0C\x0E\x0C\x78\x78\x00\x00'
    b'\x00\x00\x03\x00\x03\x00\x03\x00\x3F\xFC\x3F\xFC\x03\x0C\x02\x0C\x02\x0C\x06\x0C\x06\x0C\x0C\x0C\x18\x08\x38\x18\x60\x78\x00\x60'
    b'\x00\x00\x00\x60\x00\x60\x7E\x60\x11\xFE\x11\xFE\x10\x66\x10\x66\x10\x66\x10\x46\x1A\x46\x3E\xC6\x70\x86\x01\x86\x03\x3C\x00\x10'
    b'\x00\x00\x18\x00\x18\x00\x18\x7E\x7F\x7E\x7F\x66\x1B\x66\x1B\x66\x1B\x66\x13\x66\x13\x66\x33\x66\x33\x66\x63\x7E\x6E\x66\x00\x00'
    b'\x00\x00\x06\x00\x0F\xF8\x1F\xF8\x3C\x30\x27\xE0\x07\xE0\x7E\x7E\x61\x06\x03\x00\x3F\xFC\x03\x0C\x06\x0C\x1C\x08\x78\xF8\x00\x20'
    b'\x00\x00\x00\x30\x7E\x30\x00\x30\x00\xFE\x00\x7E\x7F\x22\x7F\x22\x10\x22\x36\x22\x26\x66\x22\x66\x7F\x46\x71\xC6\x01\x9C\x00\x00'
    b'\x00\x00\x00\x20\x3E\x20\x22\x20\x22\xFE\x3E\x7E\x36\x26\x22\x26\x36\x26\x3E\x66\x22\x66\x23\x66\x3F\xC6\x78\xC6\x01\x9C\x00\x00'
    b'\x00\x00\x08\x00\x7E\xFC\x7F\x4C\x32\x6C\x36\x38\x1C\x38\x3E\xEE\x60\x02\x01\x80\x3F\xFC\x03\x0C\x07\x0C\x0E\x0C\x78\x78\x20\x00'
    b'\x00\x00\x08\x20\x08\x20\x3E\x20\x7F\xFE\x08\x7E\x08\x26\x7F\x26\x7F\x26\x10\x26\x16\x66\x32\x66\x3F\x46\x79\xC6\x01\x9C\x00\x00'
    b'\x00\x00\x3F\x10\x7F\x90\x60\x10\x7F\x7E\x7F\x7E\x68\x36\x6C\x36\x6F\x36\x69\x36\x69\x26\x69\x26\x49\x66\x59\x66\x57\xDC\x00\x00'
    b'\x00\x00\x18\x40\x7D\xF8\x7D\xF8\x18\x48\x7F\xC8\x78\xEA\x19\xAE\x39\x0E\x01\x00\x7F\xFC\x7F\xFC\x06\x0C\x1C\x0C\x78\x78\x00\x00'
    b'\x1F\xF8\x1F\xF8\x07\x60\x3F\xFC\x31\x8C\x3F\xFC\x31\x8C\x3F\xFC\x31\x8C\x01\x80\x7F\xFC\x03\x04\x0E\x04\x7C\x3C\x60\x30\x00\x00'
    b'\x00\x00\x0C\x00\x0C\x00\x1F\xFC\x3F\xFC\x72\x64\x66\x64\x04\x44\x0C\xC4\x18\xC4\x31\x84\x63\x04\x07\x04\x0E\x0C\x18\x7C\x00\x70'
    b'\x00\x00\x0C\x00\x0C\x00\x1F\xFC\x18\x0C\x30\x04\x64\x04\x27\x04\x01\x84\x00\x04\x00\xE4\x03\xC4\x1E\x0C\x10\x0C\x00\xF8\x00\x60'
    b'\x00\x00\x0C\x00\x0F\xFC\x1F\xFC\x30\x04\x70\x04\x7F\xC4\x18\x44\x18\x44\x1F\xCC\x1F\xDC\x18\x18\x18\x02\x18\x06\x1F\xFE\x00\x00'
    b'\x00\x00\x04\xC0\x0C\xC0\x0C\xC4\x18\xCC\x38\xD8\x78\xF0\x79\xC0\x1B\xC0\x1A\xC0\x18\xC0\x18\xC2\x18\xC2\x18\xC6\x18\xFE\x10\x00'
    b'\x3F\xFC\x3F\xFC\x21\x20\x23\x20\x2F\x3C\x21\x20\x2F\x3C\x27\x38\x21\x20\x2F\x3C\x21\x20\x21\x20\x21\x20\x3F\xFE\x00\x00\x00\x00'
    b'\x00\x00\x3F\xFE\x23\x20\x22\x20\x22\x20\x22\x20\x26\x20\x26\x26\x24\x26\x2C\x3C\x20\x00\x20\x00\x20\x00\x3F\xFE\x00\x00\x00\x00'
    b'\x3F\xFC\x3F\xFE\x20\x00\x24\x18\x26\x30\x23\x30\x21\xE0\x20\xE0\x21\xF0\x23\x18\x2E\x1C\x20\x00\x30\x00\x3F\xFE\x00\x00\x00\x00'
    b'\x3F\xFC\x3F\xFC\x22\x00\x27\x00\x27\xF8\x2C\xC0\x20\xC0\x2F\xFC\x20\x80\x21\xA0\x27\x18\x2E\x0C\x28\x00\x3F\xFE\x00\x00\x00\x00'
    b'\x00\x00\x01\x80\x01\x80\x01\x80\x01\x80\x01\x80\x7F\xFE\x01\x80\x01\x80\x01\x80\x01\x80\x01\x80\x01\x80\x01\x80\x01\x80\x00\x80'
    b'\x00\x00\x03\xB0\x3F\x30\x3C\x30\x04\x30\x04\x30\x04\x30\x7F\xFE\x0C\x30\x0C\x30\x0C\x30\x08\x30\x18\x30\x30\x30\x70\x30\x00\x20'
    b'\x00\x00\x01\x80\x31\x88\x19\x98\x09\x90\x01\x80\x3F\xFC\x01\x80\x01\x80\x01\x80\x7F\xFE\x01\x80\x01\x80\x01\x80\x01\x80\x01\x80'
    b'\x00\x00\x0C\x30\x06\x20\x3F\xF8\x3F\xFC\x31\x8C\x3F\xFC\x31\x8C\x31\x8C\x3F\xFC\x01\x80\x7F\xFE\x7F\xFE\x01\x80\x01\x80\x01\x80'
    b'\x00\x00\x03\x00\x03\x00\x03\x00\x03\x00\x03\x00\x03\x80\x03\xE0\x03\x30\x03\x18\x03\x00\x03\x00\x03\x00\x03\x00\x03\x00\x01\x00'
    b'\x00\x00\x01\x00\x01\x00\x01\xFE\x01\xFE\x01\x00\x01\x00\x03\x80\x3F\xFC\x30\x0C\x30\x0C\x30\x0C\x30\x0C\x3F\xFC\x3F\xFC\x10\x08'
    b'\x00\x00\x03\x00\x03\x00\x03\xF8\x03\x00\x03\x00\x7F\xFE\x7F\xFE\x03\x00\x03\x80\x03\xE0\x03\x38\x03\x18\x03\x00\x03\x00\x01\x00'
    b'\x00\x00\x07\x00\x3C\x7E\x20\x46\x20\x46\x20\x46\x30\x46\x3F\x46\x20\x46\x20\x46\x20\x46\x22\x46\x7E\x5C\x70\x48\x00\x40\x00\x40'
    b'\x00\x00\x06\x00\x0F\xF0\x18\x30\x30\x60\x7F\xFE\x10\x00\x10\x00\x13\xF8\x12\x18\x32\x18\x32\x78\x32\x02\x63\x02\x63\xFE\x00\x00'
    b'\x3E\x3C\x7F\x7E\x63\x66\x63\x66\x7F\x66\x63\x66\x63\x66\x7F\x66\x60\x66\x62\x66\x62\x66\x67\x6E\x7F\x60\x71\x60\x00\x20\x00\x00'
    b'\x00\x00\x3F\xFE\x30\x00\x30\x00\x30\x00\x30\x00\x30\x00\x30\x00\x30\x00\x20\x00\x20\x00\x60\x00\x60\x00\x40\x00\x00\x00\x00\x00'
    b'\x00\x00\x3F\xFE\x20\x00\x20\xC0\x20\xC0\x27\xFC\x27\xFC\x20\x84\x21\x84\x21\x84\x61\x04\x63\x04\x66\x0C\x4C\x78\x00\x00\x00\x00'
    b'\x3F\xFC\x3F\xFE\x20\x00\x20\xC0\x20\xC0\x20\xC0\x2F\xFC\x20\xC0\x20\xD0\x20\xD8\x60\xCC\x60\xC4\x40\xC0\x5F\xFE\x00\x00\x00\x00'
    b'\x3F\xFE\x3F\xFE\x20\xC0\x27\xFC\x27\xFC\x26\x0C\x27\xFC\x24\x0C\x27\xFC\x20\xE0\x62\x48\x66\x4C\x4C\x46\x49\xC6\x01\x80\x00\x00'
    b'\x00\x00\x01\x80\x01\x80\x3F\xFC\x3F\xFC\x01\x80\x01\x80\x7F\xFE\x7F\xFE\x02\x00\x06\x30\x0C\x10\x08\x18\x18\xFC\x3F\xFC\x00\x04'
    b'\x00\x00\x06\x00\x0C\x30\x1F\xF8\x1F\x8C\x03\x08\x7F\xFE\x0C\x30\x3B\x1C\x66\x66\x0C\xD8\x03\xB0\x1E\x70\x01\xC0\x0F\x00\x08\x00'
    b'\x00\x00\x3F\xF8\x18\x08\x18\x18\x08\x10\x0C\x30\x04\x30\x06\x60\x03\xC0\x01\x80\x03\xC0\x0E\x70\x3C\x3C\x70\x0E\x00\x00\x00\x00'
    b'\x00\x00\x3F\xFC\x18\x08\x1B\x08\x09\x98\x0C\x90\x04\x30\x06\x60\x03\xC0\x01\xC0\x03\xC0\x0E\x70\x3C\x3C\x70\x0E\x00\x00\x00\x00'
    b'\x3F\xE0\x3F\xF0\x04\x20\x04\x20\x0C\x60\x0E\x7C\x0E\x0C\x0F\x08\x09\x18\x19\xB0\x18\xF0\x30\xF0\x33\xB8\x6F\x0E\x04\x00\x00\x00'
    b'\x00\x00\x02\x00\x06\x00\x7F\xFE\x06\x00\x06\x00\x06\x00\x07\xFC\x0F\x08\x09\x18\x19\xB0\x18\xE0\x30\xE0\x63\xB8\x4E\x0E\x00\x00'
    b'\x00\x00\x7E\xFE\x06\xC4\x06\x44\x66\x44\x36\x4C\x1C\x68\x0C\x38\x0C\x30\x1E\x30\x1A\x78\x32\xCC\x61\xC6\x41\x86\x00\x00\x00\x00'
    b'\x00\x00\x00\x3C\x1F\xF8\x10\x00\x10\x00\x10\x00\x1F\xFC\x16\x0C\x12\x08\x33\x18\x31\xB0\x30\xE0\x20\xE0\x63\xB8\x4E\x0E\x08\x00'
    b'\x00\x00\x11\x30\x13\x18\x33\x08\x33\x08\x3F\xFE\x06\x00\x06\x00\x07\xF8\x0E\x18\x1B\x30\x19\xE0\x30\xE0\x63\xB8\x4E\x0E\x00\x00'
    b'\x7F\x00\x7F\xFE\x22\x7E\x32\x66\x3E\x64\x32\x24\x22\x24\x3E\x3C\x3E\x18\x22\x18\x23\x98\x7F\xBC\x72\x66\x02\xC2\x02\x00\x00\x00'
    b'\x00\x00\x03\xFC\x3F\xF0\x11\x08\x19\x98\x19\xB0\x7F\xFE\x60\x06\x6F\xF6\x1F\xF8\x0C\x30\x06\x60\x03\xC0\x0F\xF0\x7C\x3E\x20\x00'
    b'\x00\x00\x01\x80\x7F\xFE\x7F\xFE\x06\x68\x36\x6C\x66\x66\x02\x40\x1F\xF8\x3F\xF8\x0C\x30\x06\x60\x03\xC0\x0F\xF0\x7C\x3E\x00\x00'
    b'\x1F\xF8\x0E\x70\x0F\xF8\x3C\x1C\x7E\xFC\x3C\x78\x7E\xEE\x7F\xFE\x60\x06\x6F\xF6\x0C\x30\x08\x10\x0F\xF0\x7F\xFE\x00\x00\x00\x00'
    b'\x00\x00\x00\x00\x3F\xFC\x30\x0C\x30\x0C\x30\x0C\x30\x0C\x30\x0C\x30\x0C\x30\x0C\x30\x0C\x30\x0C\x3F\xFC\x30\x0C\x00\x00\x00\x00'
    b'\x00\x00\x0C\x00\x1C\x00\x1F\xFC\x30\x04\x60\x04\x6F\xC4\x1F\xC4\x18\x44\x18\x44\x18\x44\x1F\xC4\x0F\xCC\x00\x0C\x00\x78\x00\x30'
    b'\x00\x00\x1F\xF8\x10\x08\x10\x08\x10\x08\x10\x08\x10\x08\x1F\xF8\x00\x00\x04\x30\x0C\x10\x18\x18\x30\x0C\x60\x06\x00\x00\x00\x00'
    b'\x00\x00\x00\x04\x7C\xC4\x7C\xC4\x64\xC4\x64\xC4\x64\xC4\x64\xC4\x64\xC4\x64\xC4\x64\xDC\x6C\xFC\x7C\x84\x64\x04\x00\x04\x00\x04'
    b'\x00\x00\x7F\xFE\x00\x08\x00\x08\x1F\x88\x1F\x88\x10\x88\x10\x88\x10\x88\x1F\x88\x18\x08\x10\x08\x00\x08\x00\x78\x00\x70\x00\x00'
    b'\x00\x00\x02\x00\x06\x00\x0C\x30\x18\x18\x30\x3C\x7F\xFC\x00\x06\x00\x00\x1F\xF8\x10\x08\x10\x08\x10\x08\x10\x08\x1F\xF8\x10\x08'
    b'\x00\x00\x01\x80\x01\x80\x3F\xFC\x31\x8C\x31\x8C\x31\x8C\x3F\xFC\x3F\xFC\x01\x80\x19\x00\x0F\x00\x07\x00\x1F\xE0\x78\x7E\x00\x02'
    b'\x00\x00\x01\x00\x03\x00\x7F\xFE\x3F\xFE\x06\x00\x04\x00\x0C\x00\x1F\xFC\x3C\x0C\x74\x0C\x64\x0C\x04\x0C\x07\xFC\x07\xFC\x04\x04'
    b'\x1F\xF8\x1F\xF8\x18\x18\x18\x18\x1F\xF8\x00\x00\x7F\xFE\x0C\x00\x08\x00\x0F\xF8\x00\x18\x00\x18\x00\x18\x00\xF0\x00\x60\x00\x00'
    b'\x00\x00\x06\x00\x0F\xF8\x0C\x30\x3E\x60\x33\xE0\x03\xC0\x0F\xF0\x7C\x3E\x4F\xF2\x1F\xF8\x18\x18\x18\x18\x18\x18\x1F\xF8\x08\x10'
    b'\x00\x00\x01\x80\x03\xC0\x06\x60\x1C\x38\x38\x1C\x6F\xFE\x00\x00\x00\x00\x1F\xF8\x18\x18\x10\x08\x10\x08\x1F\xF8\x1F\xF8\x10\x08'
    b'\x00\x00\x01\x80\x01\x80\x7F\xFE\x01\x80\x01\x80\x3F\xFC\x3F\xFC\x00\x00\x1F\xF8\x1F\xF8\x10\x08\x10\x08\x10\x08\x1F\xF8\x10\x08'
    b'\x3F\xFC\x7F\xFE\x60\x06\x6F\xF6\x6F\xF6\x60\x06\x67\xE6\x67\xE6\x64\x26\x64\x26\x67\xE6\x67\xE6\x60\x06\x60\x1C\x20\x18\x00\x00'
    b'\x00\x00\x03\x00\x07\xF8\x0F\xFC\x38\x18\x36\x30\x03\xE0\x01\xC0\x0F\x80\x7F\xFC\x6C\x04\x0C\x04\x0C\x04\x0F\xFC\x0F\xFC\x04\x04'
    b'\x00\x00\x00\x3C\x3F\xF8\x30\x00\x30\x00\x3F\xFE\x3F\xFE\x30\x00\x30\x00\x37\xFC\x26\x0C\x26\x0C\x66\x0C\x66\x0C\x47\xFC\x04\x04'
    b'\x00\x00\x01\x00\x03\x00\x3F\xFC\x3F\xFE\x20\x06\x20\x06\x27\xE6\x24\x26\x24\x26\x24\x26\x27\xE6\x20\x06\x20\x06\x20\x3C\x20\x18'
    b'\x00\x00\x7F\xFE\x7C\x60\x6C\x60\x6C\x60\x6C\x70\x6C\x7C\x6C\x66\x6C\x62\x6C\x60\x6C\x60\x7C\x60\x6C\x60\x00\x60\x00\x20\x00\x00'
    b'\x00\x00\x3F\xFC\x01\x00\x03\x00\x7F\xFE\x0E\x70\x0C\x30\x18\x18\x7F\xFE\x58\x1A\x18\x18\x18\x18\x1F\xF8\x1F\xF8\x00\x10\x00\x00'
    b'\x00\x00\x3F\xFE\x01\x80\x03\xA0\x0F\xB8\x39\x8C\x71\x86\x01\x80\x01\x80\x1F\xF8\x10\x08\x10\x08\x1F\xF8\x1F\xF8\x10\x08\x00\x00'
    b'\x00\x00\x01\x80\x03\xC0\x0E\x70\x39\x1C\x71\x8E\x00\x00\x1F\xF8\x00\x30\x00\x60\x1F\xF8\x18\x18\x10\x08\x10\x08\x1F\xF8\x10\x08'
    b'\x00\x00\x00\x0C\x7C\xFC\x7C\x80\x6C\x80\x6C\x80\x6C\xFE\x6C\x98\x6D\x98\x6D\x98\x6D\x98\x7D\x18\x63\x18\x03\x18\x06\x18\x00\x08'
    b'\x00\x00\x01\x80\x01\xC0\x3F\xFC\x30\x04\x30\x04\x3F\xFC\x30\x00\x30\x00\x37\xFC\x37\xFC\x24\x04\x64\x04\x64\x0C\x47\xFC\x04\x04'
    b'\x00\x00\x00\x20\x78\x20\x7D\xAC\x6D\xA4\x6D\x26\x6D\x26\x6F\x22\x6E\x24\x6E\x24\x6C\x0C\x6C\x18\x7C\x70\x60\xE0\x07\x80\x00\x00'
    b'\x01\xF8\x7F\xFC\x7C\x88\x6C\x88\x6D\x88\x6D\x9E\x6D\xC6\x6D\xC4\x6D\x6C\x6D\x3C\x7F\x38\x63\x38\x06\x6C\x04\xC6\x00\x00\x00\x00'
    b'\x1F\xF8\x1F\xF8\x10\x08\x10\x08\x1F\xF8\x00\x00\x00\x00\x3F\xFC\x01\x80\x01\x80\x1F\xFC\x01\x80\x01\x80\x7F\xFE\x00\x00\x00\x00'
    b'\x00\x00\x09\x80\x19\x80\x1F\xFC\x31\x80\x61\x80\x01\x80\x7F\xFE\x00\x00\x00\x00\x1F\xF8\x10\x08\x10\x08\x1F\xF8\x1F\xF8\x10\x08'
    b'\x01\xFE\x7D\xFE\x6D\x00\x6D\x04\x6D\x6C\x6D\x2C\x6D\x38\x6D\x18\x6D\x18\x6D\x3C\x6D\x66\x7D\x40\x6D\x00\x01\xFE\x00\x00\x00\x00'
    b'\x0F\xF0\x1F\xF8\x18\x18\x1F\xF8\x0F\xF0\x00\x00\x3F\xFC\x30\x0C\x31\x8C\x31\x8C\x31\x0C\x13\x08\x07\x78\x7C\x1E\x20\x00\x00\x00'
    b'\x3F\xFC\x3F\xFC\x30\x84\x37\xE4\x37\xE4\x31\x84\x3F\xF4\x20\x04\x27\xE4\x26\x24\x24\x24\x67\xE4\x60\x04\x40\x3C\x00\x18\x00\x00'
    b'\x00\x00\x00\x20\x7C\x20\x6D\xFC\x6C\x70\x6C\x20\x6C\x30\x6F\xFE\x6C\x78\x6C\xF8\x6C\xA8\x6D\xA4\x7F\x26\x6E\x22\x00\x20\x00\x20'
    b'\x00\x00\x01\x80\x03\xE0\x0C\x70\x1C\x3C\x77\xFE\x00\x00\x00\x00\x3E\x7C\x32\x4C\x32\x4C\x32\x4C\x3E\x4C\x32\x58\x00\x40\x00\x40'
    b'\x00\x00\x06\x00\x7E\xFE\x08\xC6\x08\xC6\x7F\xC6\x7E\xC6\x1C\xC6\x1E\xC6\x3B\xC6\x69\xC6\x48\xC6\x08\xFE\x08\xFE\x08\xC6\x00\x00'
    b'\x00\x00\x00\x60\x78\x20\x7B\xFE\x68\x08\x68\x88\x69\x8C\x6B\x06\x6F\x8A\x68\x98\x68\xD0\x78\x70\x78\x70\x40\xD8\x07\x8E\x00\x02'
    b'\x00\x00\x00\x60\x7D\xFE\x6F\xFE\x6C\xC0\x6C\xC8\x6D\x98\x6D\xF0\x6C\x66\x6C\xEC\x6F\x88\x6D\x18\x7C\x78\x60\xCC\x03\x86\x02\x00'
    b'\x0F\xF0\x1F\xF8\x18\x18\x18\x18\x18\x18\x1F\xF8\x00\x00\x7E\x7E\x7E\x7E\x62\x46\x62\x46\x62\x46\x7E\x7E\x7E\x7E\x00\x00\x00\x00'
    b'\x00\x00\x00\x60\x78\x60\x7B\xFE\x6B\x06\x6B\x06\x6B\x76\x6B\x56\x6B\x56\x6B\x56\x6B\x56\x6B\x76\x7B\x06\x6B\x06\x03\x1E\x00\x00'
    b'\x00\x00\x00\x32\x3D\x36\x7D\xB4\x6C\x30\x6D\xFE\x6D\xFE\x6D\x06\x6D\xFE\x6D\x86\x6D\x06\x6D\xFE\x7D\x86\x6D\x06\x01\x1C\x01\x08'
    b'\x00\x1E\x7B\xDE\x7B\x52\x4B\x56\x4F\xD4\x4B\xD4\x4B\x54\x4B\x56\x4F\xD2\x4A\x52\x7A\x52\x7E\x56\x46\xD0\x05\xD0\x00\x10\x00\x00'
    b'\x00\x00\x00\x90\x7C\x90\x6D\xFE\x6D\xFE\x6F\x10\x6F\x98\x6F\xFE\x6D\x98\x6D\x10\x6D\xFE\x6D\x98\x7D\x10\x6D\xFE\x01\xFE\x01\x00'
    b'\x01\xFC\x79\xFC\x69\x24\x69\xFC\x69\x24\x69\xFC\x68\x00\x6F\xFE\x6F\xFE\x69\xA6\x69\xBC\x79\x98\x69\xEC\x01\xC6\x00\x00\x00\x00'
    b'\x00\x00\x00\x20\x7B\xFE\x78\x20\x69\xAC\x6B\xFE\x69\x8C\x69\xFC\x69\xFC\x69\x24\x69\x24\x79\x64\x61\x64\x00\xD8\x03\x8E\x02\x02'
    b'\x00\x00\x01\x10\x77\xB0\x7F\xFE\x51\x36\x57\xE2\x55\x7E\x55\x7E\x57\xD8\x57\x98\x53\x18\x77\xDC\x4D\x74\x09\x36\x01\x62\x01\x00'
    b'\x3E\x7C\x3E\x7C\x22\x44\x3E\x7C\x3E\x7C\x03\x18\x7F\xFE\x0E\x30\x38\x1C\x7E\x7E\x3E\x7C\x32\x44\x32\x4C\x3E\x7C\x02\x44\x00\x00'
    b'\x00\x00\x7F\xFE\x66\x66\x66\x46\x66\x46\x66\x46\x66\x46\x66\x46\x6C\x76\x78\x3E\x60\x06\x60\x06\x7F\xFE\x7F\xFE\x00\x00\x00\x00'
    b'\x00\x00\x7F\xFE\x60\x06\x60\x06\x67\xE6\x67\xE6\x64\x26\x64\x26\x64\x26\x67\xE6\x60\x06\x60\x06\x7F\xFE\x7F\xFE\x00\x00\x00\x00'
    b'\x3F\xFC\x7F\xFE\x60\x06\x61\x86\x61\x86\x6F\xF6\x61\x86\x61\x86\x63\xC6\x66\x66\x6C\x36\x68\x16\x60\x06\x7F\xFE\x20\x04\x00\x00'
    b'\x3F\xFC\x7F\xFE\x60\x86\x61\x86\x6F\xF6\x6F\xF6\x63\x86\x63\xC6\x65\xB6\x6D\x96\x61\x86\x61\x86\x60\x06\x7F\xFE\x20\x04\x00\x00'
    b'\x3F\xFC\x7F\xFE\x61\x06\x6F\xF6\x6F\xF6\x61\x86\x67\xE6\x61\x86\x7F\xF6\x61\x96\x61\xB6\x61\xA6\x60\x06\x7F\xFE\x20\x04\x00\x00'
    b'\x3F\xFC\x7F\xFE\x60\x06\x61\x86\x6F\xF6\x61\x86\x61\x86\x67\xE6\x64\x26\x64\x26\x67\xE6\x60\x06\x60\x06\x7F\xFE\x20\x04\x00\x00'
    b'\x3F\xFC\x7F\xFE\x62\x06\x67\xE6\x6E\x66\x6B\xC6\x63\xE6\x7E\x3E\x61\x86\x60\xC6\x67\x06\x61\xE6\x60\x26\x7F\xFE\x20\x04\x00\x00'
    b'\x00\x00\x03\x00\x02\x00\x7F\xFE\x0E\x00\x0C\x00\x18\x60\x18\x60\x33\xFC\x73\xFC\x50\x60\x10\x60\x10\x60\x10\x60\x17\xFE\x10\x00'
    b'\x00\x00\x30\x20\x30\x20\x31\x20\x31\x36\x79\x7E\x33\xF6\x37\x26\x31\x26\x31\x26\x31\x2C\x3D\x20\x71\x02\x41\x02\x01\xFE\x00\x00'
    b'\x10\x00\x11\xFC\x10\x18\x10\x70\x7C\xC0\x7D\xFE\x11\xFE\x10\xD6\x10\x96\x11\xB6\x15\x26\x7C\x66\x61\xC4\x01\xBC\x00\x00\x00\x00'
    b'\x00\x00\x30\xC0\x30\x80\x31\xFE\x31\xFE\x7B\x06\x32\x06\x30\x66\x30\x26\x30\x06\x30\x36\x3C\xE6\x79\x86\x40\x06\x00\x3C\x00\x10'
    b'\x10\x00\x13\xFE\x10\x30\x10\x20\x7C\x60\x38\xF0\x10\xF8\x11\xAC\x13\x26\x12\x22\x14\x20\x7C\x20\x60\x20\x00\x20\x00\x20\x00\x00'
    b'\x01\x80\x09\x98\x19\x98\x19\x90\x39\xB8\x3D\xBC\x67\xE6\x41\x80\x01\x80\x3F\xFC\x01\x80\x01\x80\x01\x80\x7F\xFE\x00\x00\x00\x00'
    b'\x00\x00\x30\x60\x30\x60\x33\xFC\x33\xFC\x7C\x4C\x30\x4C\x30\x4C\x33\xFE\x30\xE0\x30\xF0\x3C\x90\x79\x98\x43\x0C\x06\x06\x00\x00'
    b'\x3F\x84\x3F\xB4\x13\x34\x13\x34\x7F\xB4\x33\x34\x33\x04\x33\x0C\x22\x1C\x01\x80\x3F\xFC\x01\x80\x01\x80\x7F\xFE\x00\x00\x00\x00'
    b'\x00\x00\x20\x2C\x20\x24\x23\xFE\x27\xFE\x7E\x30\x36\x34\x27\xF4\x26\xFC\x26\x98\x34\x98\x3C\x98\x6D\xBA\x0C\x6E\x08\xC6\x00\x00'
    b'\x00\x00\x08\x10\x7F\xFE\x0C\x30\x0F\xF0\x0C\x30\x0F\xF0\x0C\x30\x7F\xFE\x7F\xFE\x19\x98\x7F\xFE\x01\x82\x01\x80\x3F\xFC\x00\x00'
    b'\x00\x00\x01\x90\x19\x98\x3F\xFC\x7F\xFE\x60\x06\x6F\xF6\x0C\x30\x0C\x30\x0F\xF0\x01\x80\x3F\xFC\x1F\xF8\x01\x80\x7F\xFE\x00\x00'
    b'\x00\x00\x10\xB0\x11\x90\x11\xFE\x11\xFE\x7F\x10\x3F\x98\x13\xFE\x11\x98\x11\x10\x11\xFE\x1D\x98\x79\x10\x41\xFE\x01\xFE\x01\x00'
    b'\x00\x00\x30\x40\x30\x62\x33\xFE\x30\x4C\x78\x5C\x33\xFE\x30\x60\x31\xFC\x37\xFC\x31\x84\x3D\xFC\x79\x84\x41\x84\x01\xFC\x01\x04'
    b'\x00\x00\x01\x00\x7F\xFE\x66\x66\x7F\xFE\x0F\xF0\x0F\xF0\x0F\xF0\x3F\xFC\x7F\xFE\x19\x98\x7F\xFE\x0F\xE2\x01\x80\x3F\xFC\x00\x00'
    b'\x00\x00\x30\x20\x33\xFE\x30\x60\x31\xFC\x79\x0C\x31\xFC\x31\x0C\x31\xFC\x31\x0C\x39\xFC\x7F\xFE\x47\xFE\x01\x88\x03\x06\x00\x00'
    b'\x00\x00\x30\x60\x33\xFE\x31\x98\x31\x98\x7F\xFE\x30\x00\x33\xFC\x33\x04\x33\xFC\x33\x04\x3F\xFC\x70\x90\x41\x92\x07\x1E\x00\x00'
    b'\x00\x00\x30\x20\x33\xFE\x30\x60\x31\x24\x79\xEC\x77\xFE\x30\x00\x33\xFE\x33\x06\x32\xF6\x3A\xD6\x72\xF6\x03\x06\x03\xFE\x02\x04'
    b'\x00\x00\x31\x88\x30\x98\x33\xFE\x32\x26\x7A\xAA\x32\xA2\x33\xFE\x33\xFC\x31\xFC\x33\xFC\x3F\x04\x73\xFC\x43\x04\x03\xFC\x01\x04'
    b'\x00\x00\x01\x80\x7F\xFE\x01\x80\x01\x80\x3F\xFC\x00\x00\x3F\xFC\x31\x8C\x31\x8C\x3F\xFC\x30\x00\x20\x00\x60\x00\x40\x00\x00\x00'
    b'\x00\x00\x01\x80\x7F\xFE\x01\x80\x01\x80\x1F\xFC\x00\x00\x7F\xFE\x7F\xFE\x60\x06\x27\xE4\x04\x20\x04\x22\x0C\x22\x78\x3E\x20\x00'
    b'\x00\x00\x08\x30\x18\x30\x1F\x30\x1F\x30\x31\x30\x33\x38\x73\x36\x72\x32\x1E\x30\x0C\x30\x0C\x30\x1E\x20\x33\x80\x60\xFE\x00\x00'
    b'\x00\x00\x06\x00\x0F\xF8\x1C\x30\x36\x60\x23\xC0\x07\xE0\x7C\x3E\x78\x1E\x1F\xF8\x11\x88\x1F\xF8\x19\x98\x11\x88\x1F\xF8\x10\x08'
    b'\x00\x00\x08\x00\x1F\xFC\x30\x00\x7F\xF8\x78\x08\x1F\xF8\x18\x08\x1F\xF8\x0E\x00\x0F\xF8\x3E\x38\x27\x30\x03\xE0\x3F\xFE\x30\x00'
    b'\x00\x00\x08\x30\x08\x30\x1F\xB0\x19\xB0\x31\xB0\x61\x38\x61\x3C\x5F\x36\x06\x32\x06\x30\x0C\x30\x18\x30\x30\x30\x60\x30\x00\x20'
    b'\x00\x00\x01\x80\x07\xF8\x1F\xF8\x38\x30\x06\x60\x03\xC0\x1F\x20\x00\xFC\x07\xFE\x1E\x0C\x01\x18\x01\xF0\x03\xE0\x3F\x00\x00\x00'
    b'\x00\x00\x01\x80\x7F\xFE\x7F\xFE\x08\x80\x18\xFC\x19\xFC\x33\x0C\x33\x6C\x77\xB8\x71\x98\x10\xF0\x10\xF0\x11\xF8\x17\x0E\x10\x00'
    b'\x00\x00\x30\x30\x3E\x3C\x3F\xEC\x63\x8C\x42\x38\x7A\x30\x6B\xE8\x6A\x18\x6A\x3E\x7A\xE6\x3A\x26\x02\x3C\x02\x38\x1E\xE0\x00\x80'
    b'\x00\x00\x01\x80\x01\x80\x01\x80\x01\x80\x7F\xFE\x03\x80\x03\x80\x03\xC0\x02\x40\x06\x60\x0C\x30\x1C\x18\x38\x0C\x60\x06\x00\x00'
    b'\x00\x00\x3F\xFC\x01\x80\x01\x80\x01\x80\x3F\xFC\x7F\xFE\x03\x80\x03\xC0\x06\x60\x06\x20\x0C\x30\x38\x1C\x70\x06\x00\x00\x00\x00'
    b'\x00\x00\x01\x80\x01\x80\x01\x80\x7F\xFE\x7F\xFE\x01\x80\x03\xC0\x02\x40\x06\x60\x06\x20\x0E\x30\x1E\x18\x33\x0C\x61\x06\x00\x00'
    b'\x00\x00\x01\x80\x01\x80\x1F\xF8\x19\x98\x11\x88\x11\x88\x11\x88\x7F\xFE\x7F\xFE\x03\xC0\x06\x60\x0C\x30\x18\x18\x70\x0E\x00\x00'
    b'\x00\x00\x01\x80\x19\x80\x19\x80\x3F\xFC\x61\x80\x61\x80\x01\x80\x7F\xFE\x03\xC0\x03\xC0\x06\x60\x0E\x30\x1C\x18\x70\x0E\x00\x00'
    b'\x00\x00\x00\xC0\x0C\xC0\x06\xC0\x20\xC0\x38\xC0\x0C\xC0\x00\xC0\x7F\xFE\x7F\xFE\x01\x80\x03\xE0\x07\x30\x1C\x1C\x78\x0E\x00\x00'
    b'\x00\x00\x01\x80\x01\x80\x3F\xFC\x01\x80\x11\x88\x19\x98\x19\x90\x7F\xFE\x7F\xFE\x03\xC0\x02\x40\x06\x30\x1C\x18\x70\x0E\x00\x00'
    b'\x00\x00\x01\x00\x03\x00\x7F\xFE\x06\x20\x0C\x38\x38\x0C\x7F\xFE\x11\x88\x11\x88\x1F\xF8\x19\x98\x11\x88\x1F\xF8\x1F\xF8\x00\x00'
    b'\x00\x00\x01\x80\x3F\xFC\x01\x00\x1F\xF8\x03\x00\x7F\xFE\x0C\x30\x1C\x38\x77\xEE\x61\x82\x1F\xF8\x03\x00\x07\x60\x1C\x1C\x10\x04'
    b'\x00\x00\x08\x00\x7F\x7E\x08\x26\x3E\x26\x3E\x66\x1C\x46\x7F\xDC\x08\x9C\x01\x80\x7F\xFE\x03\xC0\x07\x40\x0E\x30\x78\x1E\x40\x02'
    b'\x00\x00\x01\x00\x3F\xFC\x7F\xFE\x06\x20\x1D\x98\x79\x9E\x6F\xF2\x01\x80\x0D\xB0\x0C\x30\x7F\xFE\x08\x30\x18\x30\x30\x30\x00\x00'
    b'\x00\x00\x06\x20\x66\x7E\x36\xC6\x07\xAC\x0E\x38\x7E\x70\x66\xE0\x00\x80\x01\x80\x7F\xFE\x03\xC0\x07\x60\x1C\x38\x78\x1E\x00\x00'
    b'\x00\x00\x01\x80\x7F\xFE\x0F\x70\x0C\x30\x7F\xFE\x6C\x02\x0F\xF8\x0C\x00\x0F\xF8\x0C\x00\x7F\xFE\x04\x10\x0C\x18\x1F\xFC\x00\x00'
    b'\x00\x00\x03\x00\x03\x00\x06\x00\x7F\xFE\x7F\xFE\x0C\x10\x08\x30\x18\x30\x1E\x60\x07\xC0\x01\xE0\x03\xF0\x1E\x1C\x78\x0E\x00\x00'
    b'\x00\x00\x18\x00\x10\xFE\x10\x04\x7E\x0C\x36\x18\x36\x10\x24\xFE\x65\xFE\x6C\x10\x3C\x10\x1C\x10\x1E\x10\x32\x10\x60\xF0\x00\x00'
    b'\x00\x00\x18\x00\x18\x7C\x18\x7C\x7F\x44\x33\x44\x32\x44\x22\x44\x26\x44\x66\x44\x3C\x44\x0C\x44\x1E\x64\x33\x7C\x60\x44\x00\x00'
    b'\x00\x00\x30\x60\x30\x40\x30\xC8\x7C\x8C\x2D\x8C\x2F\xFE\x6C\x02\x68\x00\x69\xFC\x39\x04\x19\x04\x3D\x04\x6D\xFC\x61\xFC\x01\x04'
    b'\x00\x00\x08\x30\x0C\x30\x3F\xFC\x1C\x38\x1E\x78\x2A\xF4\x68\xB6\x03\x00\x7F\xFE\x7F\xFE\x0C\x30\x0F\x60\x03\xF0\x3F\x1C\x20\x04'
    b'\x1F\xF8\x1F\xF8\x00\x38\x00\x60\x00\xC0\x00\x80\x01\x80\x7F\xFE\x00\x80\x00\x80\x00\x80\x00\x80\x00\x80\x0F\x80\x07\x00\x00\x00'
    b'\x00\x00\x3E\x60\x7F\x60\x02\x60\x06\x60\x0C\x60\x0C\x60\x0D\x60\x3F\x60\x7C\x60\x0C\x60\x0C\x62\x0C\x62\x0C\x62\x3C\x3E\x30\x1C'
    b'\x00\x00\x01\x80\x3F\xFC\x7F\xFE\x60\x06\x6F\xF6\x0F\xF0\x00\x60\x01\x80\x01\x80\x7F\xFE\x01\x80\x01\x80\x01\x80\x07\x80\x03\x00'
    b'\x00\x00\x02\x00\x3F\xFE\x7F\xFE\x0C\x00\x0C\x00\x19\xFC\x30\x18\x70\x30\x70\x30\x17\xFE\x10\x30\x10\x20\x10\x20\x10\xE0\x10\xC0'
    b'\x00\x00\x13\x08\x19\x98\x09\x90\x7F\xFE\x60\x06\x6F\xF6\x4F\xF6\x00\x60\x01\x80\x7F\xFE\x7F\xFE\x01\x80\x01\x80\x07\x80\x03\x00'
    b'\x00\x00\x01\x80\x01\x80\x7F\xFE\x60\x06\x60\x06\x00\x00\x7F\xFE\x01\x80\x01\x80\x01\x80\x01\x80\x01\x80\x01\x80\x07\x80\x07\x00'
    b'\x00\x00\x01\x80\x3F\xFC\x7F\xFE\x60\x06\x48\x02\x08\x00\x08\x38\x09\xF0\x0F\x80\x0C\x00\x08\x04\x08\x04\x0C\x0C\x0F\xFC\x00\x00'
    b'\x00\x00\x01\x80\x7F\xFE\x7F\xFE\x60\x06\x61\xF6\x1F\x80\x03\x00\x03\x0C\x0F\xFC\x7F\x00\x03\x00\x03\x06\x03\x06\x01\xFC\x00\x00'
    b'\x00\x00\x01\x00\x3F\xFC\x7F\xFE\x60\x06\x60\x36\x00\x30\x7F\xFE\x3F\xFC\x08\x30\x0C\x30\x06\x30\x02\x30\x00\x30\x01\xE0\x00\xC0'
    b'\x00\x00\x01\x00\x7F\xFE\x7F\xFE\x60\x06\x63\x06\x06\x00\x7F\xFE\x0C\x30\x0C\x20\x1C\x60\x07\xC0\x01\xE0\x07\x38\x7E\x1E\x20\x04'
    b'\x00\x00\x01\x00\x3F\xFC\x7F\xFE\x60\x06\x6F\xF6\x1F\xF0\x00\x00\x7F\xFE\x7F\xFE\x06\x60\x04\x60\x0C\x62\x1C\x62\x70\x7E\x00\x00'
    b'\x00\x00\x01\x00\x3F\xFC\x7F\xFE\x60\x06\x60\x06\x1F\xF8\x01\x80\x09\x80\x19\xF8\x11\xF8\x39\x80\x3D\x80\x67\x80\x43\xFE\x00\x00'
    b'\x00\x00\x01\x80\x7F\xFC\x7F\xFE\x60\x46\x06\x40\x03\x40\x18\x40\x0C\xC0\x04\xC0\x7F\xFE\x01\x80\x03\xE0\x0E\x38\x78\x0E\x00\x00'
    b'\x00\x00\x01\x80\x7F\xFE\x66\x06\x66\x06\x0F\xF0\x1E\x30\x33\xE0\x07\xE0\x7C\x3E\x78\x18\x1F\xF8\x18\x18\x18\x18\x1F\xF8\x08\x08'
    b'\x00\x00\x01\x00\x7F\xFE\x7F\xFE\x60\x06\x7F\xFE\x0E\x30\x0C\x30\x1F\xF8\x1D\x8C\x01\x80\x3F\xFC\x01\x80\x01\x80\x7F\xFE\x00\x00'
    b'\x00\x00\x01\x80\x7F\xFE\x7F\xFE\x60\x06\x1F\xF8\x03\x80\x1F\x0C\x39\xF8\x07\xF0\x3C\xD0\x23\xD8\x0E\x4C\x38\xC6\x23\xC0\x03\x00'
    b'\x00\x00\x01\x80\x7F\xFE\x7F\xFE\x66\x66\x0C\x38\x39\x8C\x27\xC4\x0E\x70\x38\x1C\x7F\xFE\x18\x18\x18\x18\x18\x18\x1F\xF8\x10\x08'
    b'\x00\x00\x01\x80\x7F\xFE\x64\x26\x66\x66\x1F\xF8\x04\x20\x04\x20\x1F\xF8\x18\x18\x19\x18\x19\xD8\x1B\xD8\x06\xC2\x7C\xFE\x00\x00'
    b'\x00\x00\x01\x80\x7F\xFE\x61\x06\x61\x16\x1D\xB0\x34\xEC\x27\x94\x27\x16\x3F\xF0\x60\x80\x11\x8C\x31\x8C\x31\x8C\x3F\xFC\x10\x04'
    b'\x00\x00\x01\x80\x7F\xFE\x6C\x46\x6F\x7E\x3B\x78\x6E\x70\x3C\x30\x1F\xF8\x70\x0E\x7F\xF8\x1F\xF8\x09\xB0\x19\x98\x73\x8C\x03\x00'
    b'\x00\x00\x01\x80\x7F\xFE\x60\x06\x7F\xFE\x0F\xF0\x18\x18\x1F\xF8\x1F\xF8\x18\x18\x7F\xFE\x18\x18\x6F\xFE\x06\x10\x1C\x70\x10\x40'
    b'\x00\x10\x00\x10\x00\x30\x7F\xFE\x00\x30\x00\x10\x10\x10\x18\x10\x0C\x10\x06\x10\x00\x10\x00\x10\x00\x30\x01\xF0\x00\xC0\x00\x00'
    b'\x00\x00\x00\x0C\x3E\x0C\x7E\x0C\x06\xFE\x06\x0C\x66\x0C\x34\x8C\x1C\xCC\x0C\x6C\x1C\x6C\x16\x0C\x32\x0C\x60\x0C\x00\x78\x00\x30'
    b'\x1F\xF8\x1F\xF8\x00\x08\x1F\xF8\x00\x18\x1F\xF8\x1F\xF8\x00\x30\x7F\xFE\x08\x30\x08\x30\x0E\x30\x02\x30\x00\xF0\x00\x00\x00\x00'
    b'\x1F\xF8\x3F\xF8\x30\x18\x3F\xF8\x30\x00\x30\x06\x1F\xFE\x00\x10\x00\x30\x7F\xFE\x08\x30\x0C\x30\x06\x30\x02\xF0\x00\xE0\x00\x00'
    b'\x00\x00\x08\x0C\x08\x0C\x7F\x0C\x0C\xFE\x08\x0C\x7F\x0C\x1C\x4C\x08\x6C\x1C\x2C\x7F\x3C\x08\x0C\x08\x0C\x3F\x0C\x7C\x3C\x00\x10'
    b'\x00\x00\x08\x0C\x3F\x0C\x23\x0C\x33\xFE\x3F\x0C\x23\x0C\x3F\x4C\x23\x6C\x7F\x2C\x07\x3C\x0F\x0C\x1B\x0C\x73\x0C\x4F\x3C\x00\x30'
    b'\x00\x00\x08\x60\x08\xFE\x49\x86\x6B\x4C\x28\x78\x29\xF0\x09\x8C\x08\x0C\x1B\xFE\x38\x0C\x68\x8C\x48\xCC\x08\x0C\x08\x38\x08\x30'
    b'\x00\x80\x01\x80\x01\x80\x01\x80\x11\x88\x11\x8C\x31\x8C\x31\x84\x21\x86\x61\x86\x41\x82\x01\x80\x01\x80\x07\x80\x00\x00\x00\x00'
    b'\x00\x00\x01\x80\x01\x80\x09\x90\x19\x98\x11\x8C\x31\x84\x61\x86\x61\x9A\x01\xB0\x00\x70\x00\xE0\x03\xC0\x0F\x00\x7C\x00\x20\x00'
    b'\x00\x00\x0C\x00\x0C\x00\x1F\xFC\x18\x0C\x30\x8C\x21\x88\x01\x80\x09\x90\x19\x98\x19\x88\x31\x8C\x21\x84\x61\x86\x07\x80\x02\x00'
    b'\x00\x00\x01\x88\x11\x88\x19\x98\x09\x90\x3F\xFC\x3F\xFC\x20\x04\x27\xE4\x27\xE4\x24\x24\x26\x64\x27\xE4\x20\x04\x20\x1C\x20\x08'
    b'\x00\x00\x11\x88\x19\x98\x7F\xFE\x7F\xFE\x60\x06\x6F\xF6\x0F\xF0\x00\x00\x7F\xFE\x7F\xFE\x0C\x10\x0C\x30\x18\x78\x1F\xFC\x00\x00'
    b'\x00\x00\x18\x28\x7F\x2C\x7F\x24\x00\x64\x3E\xFE\x22\x68\x22\x68\x3E\x68\x08\x68\x2A\x48\x6B\x4A\x49\xCA\x48\x8A\x19\x8E\x10\x00'
    b'\x3F\xFC\x3F\xFC\x30\x04\x30\x04\x3F\xFC\x3F\xFC\x30\x00\x30\x00\x20\x00\x20\x00\x20\x00\x60\x00\x60\x00\x40\x00\x00\x00\x00\x00'
    b'\x1F\xF8\x1F\xF8\x10\x08\x10\x08\x10\x08\x1F\xF8\x1F\xF8\x10\x80\x10\xC0\x10\x40\x30\x60\x20\x30\x60\x1C\x60\x06\x00\x00\x00\x00'
    b'\x1F\xFC\x3F\xFC\x30\x0C\x30\x0C\x3F\xFC\x30\x30\x30\x30\x33\x10\x31\xD8\x30\x48\x60\x0C\x6F\x06\x43\xC0\x00\x70\x00\x00\x00\x00'
    b'\x1F\xFC\x3F\xFC\x30\x04\x3F\xFC\x3F\xFC\x30\x38\x37\xF0\x30\x80\x27\xFC\x27\xC0\x21\xFE\x6F\xE0\x60\x82\x40\xFE\x00\x00\x00\x00'
    b'\x1F\xFC\x3F\xFC\x30\x0C\x3F\xFC\x3F\xFC\x30\x00\x3F\xFE\x30\x06\x37\xE6\x36\x66\x26\x26\x27\xE4\x60\x04\x40\x3C\x00\x10\x00\x00'
    b'\x1F\xFC\x3F\xFC\x30\x04\x3F\xFC\x3F\xFC\x30\x00\x37\xFC\x30\x00\x20\x00\x2F\xFE\x21\x00\x63\x18\x66\x3C\x47\xFE\x00\x00\x00\x00'
    b'\x1F\xFC\x3F\xFC\x30\x04\x3F\xFC\x3F\xFC\x30\xC0\x3F\xFE\x3F\xFC\x20\xC0\x27\xFC\x27\xFC\x64\x0C\x64\x0C\x47\xFC\x04\x04\x00\x00'
    b'\x1F\xFC\x3F\xFC\x30\x04\x30\x0C\x3F\xFC\x30\x40\x30\x60\x37\xFC\x24\x44\x24\x64\x27\xFC\x64\x44\x64\xE4\x47\xFC\x04\x04\x00\x00'
    b'\x1F\xFC\x3F\xFC\x30\x04\x3F\xFC\x3F\xFC\x37\xFC\x3F\xFC\x33\x18\x27\xF8\x26\xCC\x20\xC0\x67\xFC\x60\x40\x4F\xFE\x00\x00\x00\x00'
    b'\x3F\xFC\x3F\xFC\x30\x04\x3F\xFC\x30\x00\x3F\xFC\x3F\xFC\x22\x30\x27\xFC\x2C\xB8\x2C\xB0\x63\xB2\x67\x36\x4E\x1E\x00\x00\x00\x00'
    b'\x3F\xFC\x3F\xFC\x30\x04\x3F\xFC\x33\x18\x33\x18\x37\xFC\x2F\xFC\x21\x10\x23\x18\x2F\xFE\x63\x10\x66\x10\x4E\x10\x00\x10\x00\x00'
    b'\x3F\xFC\x3F\xFC\x30\x04\x3F\xFC\x3F\xFC\x33\x10\x3F\xFC\x23\x30\x33\x30\x3F\xFE\x26\x64\x66\x3C\x66\x98\x47\x8E\x04\x02\x00\x00'
    b'\x3F\xFC\x3F\xFE\x30\x06\x3F\xFC\x3F\xFC\x30\xC0\x27\xFC\x24\xCC\x27\xFC\x20\xC0\x2F\xFE\x68\xD6\x4B\xFE\x48\x0E\x08\x0C\x00\x00'
    b'\x00\x00\x01\x80\x21\x84\x3F\xFC\x3F\xFC\x00\x00\x3F\x7C\x23\x44\x3F\x7C\x3F\x7C\x23\x44\x3F\x7C\x23\x44\x63\xC4\x6E\xDC\x04\x08'
    b'\x00\x00\x3F\xFC\x01\x80\x01\x80\x01\x80\x01\x80\x01\x80\x01\x80\x01\x80\x01\x80\x01\x80\x01\x80\x7F\xFE\x7F\xFE\x00\x00\x00\x00'
    b'\x00\x00\x03\x00\x03\x00\x7F\xFE\x7F\xFE\x06\x00\x04\x00\x0C\x00\x0F\xFC\x18\xC0\x10\x40\x30\x40\x60\x40\x40\xC0\x0F\xFE\x00\x00'
    b'\x3F\xFC\x3F\xFC\x30\x00\x30\x00\x3F\xF8\x3F\xF8\x30\x08\x30\x08\x30\x08\x3F\xF8\x30\x00\x30\x00\x30\x00\x3F\xFE\x00\x00\x00\x00'
    b'\x00\x00\x0C\x30\x0E\x30\x3F\xFC\x01\x80\x3F\xFC\x03\x00\x7F\xFE\x7F\xFE\x06\x00\x0F\xFC\x1F\xFC\x30\xC0\x60\xC0\x1F\xFE\x00\x00'
    b'\x00\x00\x3F\xF8\x00\x08\x00\x08\x00\x08\x00\x08\x3F\xF8\x30\x00\x20\x00\x20\x00\x20\x02\x30\x02\x30\x06\x3F\xFC\x00\x00\x00\x00'
    b'\x00\x00\x7F\xF8\x00\x08\x00\x08\x30\x08\x30\x08\x3F\xF8\x30\x00\x30\x00\x30\x00\x30\x02\x30\x02\x30\x06\x1F\xFC\x00\x00\x00\x00'
    b'\x00\x00\x01\x00\x01\x80\x7F\xFE\x01\x80\x01\x80\x3F\xFC\x31\x8C\x31\x8C\x31\x8C\x31\x8C\x31\x8C\x31\x9C\x01\x80\x01\x80\x00\x00'
    b'\x00\x00\x03\x00\x03\x00\x7F\xFE\x06\x00\x0C\xC0\x18\xC0\x3F\xFC\x7C\xCC\x48\xC4\x08\xC4\x08\xC4\x08\xCC\x08\xDC\x00\xC0\x00\x00'
    b'\x00\x00\x11\x98\x19\x98\x7F\xFE\x11\x98\x00\x00\x7F\xFE\x7F\xFE\x61\x86\x1F\xF8\x1F\xF8\x19\x98\x19\x98\x19\xB8\x01\xA0\x00\x00'
    b'\x00\x00\x18\x20\x18\x3E\x7E\x30\x7E\x30\x5E\xFE\x5E\x86\x5E\xB6\x5E\xB6\x5E\xB6\x5E\xB6\x5E\xA6\x5C\x60\x18\xEC\x19\xC6\x01\x02'
    b'\x00\x00\x0C\x3C\x7F\x7E\x0C\x64\x3F\x6C\x0C\x6C\x7F\x66\x18\x6E\x38\x6C\x21\x80\x1F\xFC\x19\x8C\x11\x8C\x11\x9C\x11\x98\x00\x80'
    b'\x00\x00\x11\x98\x19\x98\x7F\xFE\x7F\xFE\x60\x06\x0F\xF0\x08\x10\x0F\xF0\x01\x80\x3F\xFC\x3F\xFC\x31\x8C\x31\x9C\x31\x98\x00\x00'
    b'\x00\x00\x0C\x30\x7F\xFE\x0C\x30\x1F\xF8\x18\x08\x1F\xF8\x1F\xF8\x06\x00\x7F\xFE\x1C\x18\x79\x9E\x5F\xFA\x19\x88\x19\xB8\x00\x00'
    b'\x00\x00\x3F\xFC\x01\x80\x01\x80\x01\x80\x01\x80\x7F\xFE\x7F\xFE\x01\x80\x01\x80\x01\x80\x01\x80\x01\x80\x01\x80\x00\x80\x00\x00'
    b'\x3F\xFC\x3F\xFE\x01\x80\x11\x8C\x19\x98\x19\x98\x09\x90\x01\x80\x7F\xFE\x01\x80\x01\x80\x01\x80\x01\x80\x01\x80\x01\x00\x00\x00'
    b'\x00\x00\x18\x00\x18\x00\x3F\xFE\x30\xC0\x60\xC0\x4F\xFC\x1F\xFC\x18\xC0\x18\xC0\x18\xC0\x7F\xFE\x00\xC0\x00\xC0\x00\xC0\x00\x80'
    b'\x00\x00\x08\x10\x0C\x30\x04\x30\x7F\xFE\x04\x30\x04\x30\x04\x30\x0C\x30\x7F\xFE\x0C\x30\x08\x30\x18\x30\x30\x30\x70\x30\x00\x20'
    b'\x00\x00\x01\x80\x1F\xF8\x3F\xFC\x01\x80\x3F\xFC\x7F\xFE\x0C\x30\x06\x60\x3F\xFC\x01\x80\x01\x80\x7F\xFE\x01\x80\x01\x80\x00\x00'
    b'\x00\x00\x01\x80\x01\xC0\x3F\xFE\x20\x00\x20\x40\x20\x40\x20\x40\x27\xFC\x20\xE0\x20\x40\x20\x40\x60\x40\x60\xE0\x4F\xFE\x00\x00'
    b'\x00\x00\x00\x80\x3F\xFE\x30\x00\x27\xF8\x27\xF8\x21\x10\x21\xE0\x20\xE0\x2F\xFE\x20\xC4\x20\x4C\x60\x48\x60\xC0\x43\xC0\x03\x80'
    b'\x00\x00\x01\x80\x3F\xFE\x3F\xFE\x21\x80\x2F\xFC\x2F\xFC\x22\x40\x26\x60\x27\xFC\x20\x60\x20\x60\x6F\xFE\x60\x60\x40\x60\x00\x40'
    b'\x00\x00\x01\x80\x3F\xFE\x3F\xFE\x20\x00\x20\x80\x24\x8C\x2C\x8C\x24\x88\x26\xC8\x26\xD8\x22\x10\x60\x10\x60\x30\x4F\xFE\x00\x00'
    b'\x00\x00\x01\x80\x3F\xFE\x3F\xFE\x20\x1C\x27\xFC\x26\x60\x24\x60\x27\xFC\x27\xFE\x24\x20\x24\x30\x64\x92\x67\xDA\x4F\x6E\x00\x00'
    b'\x00\x00\x00\x80\x3F\xFE\x3F\xFE\x20\x90\x24\x88\x24\x80\x2F\xFE\x21\x80\x21\xF8\x23\xFC\x23\x98\x66\x70\x6C\xF0\x5B\x8E\x00\x00'
    b'\x00\x00\x00\x80\x3F\xFE\x32\x18\x22\x18\x3F\xFE\x33\x18\x23\x18\x23\xF0\x20\x00\x2F\xFC\x23\x18\x61\xF0\x61\xE0\x5F\x3E\x08\x02'
    b'\x00\x00\x01\x80\x3F\xFE\x3F\xFE\x22\xC8\x26\xC8\x26\xD8\x26\xDC\x2F\xF6\x29\xE2\x20\xC0\x2F\xFC\x60\xC0\x60\xC0\x5F\xFE\x00\x00'
    b'\x00\x00\x00\x0C\x7D\xFC\x08\x30\x18\x30\x31\x30\x79\x3C\x3D\x30\x0D\x30\x69\x30\x39\xB0\x39\xFE\x38\x00\x7E\x00\x63\xFE\x00\x00'
    b'\x00\x00\x00\x60\x79\xFC\x18\x64\x13\xFE\x30\x6C\x79\xFC\x79\xFC\x08\x60\x6B\xFC\x38\x60\x3B\xFE\x38\x60\x3C\x00\x67\xFE\x00\x00'
    b'\x00\x00\x3F\xFC\x0C\x30\x04\x30\x04\x30\x04\x30\x7F\xFE\x7F\xFE\x0C\x30\x0C\x30\x08\x30\x18\x30\x30\x30\x60\x30\x00\x00\x00\x00'
    b'\x1F\xF8\x3F\xF8\x30\x18\x3F\xF8\x30\x00\x30\x06\x1F\xFE\x00\x00\x04\x20\x7F\xFE\x7F\xFE\x0C\x20\x18\x20\x30\x20\x00\x20\x00\x00'
    b'\x00\x00\x01\x80\x7F\xFE\x3F\xFC\x0C\x20\x08\x30\x1F\xF8\x1C\x0C\x04\x20\x04\x20\x7F\xFE\x0C\x70\x0C\x20\x18\x20\x18\x20\x00\x20'
    b'\x00\x00\x00\x48\x00\x4C\x00\xEC\x7F\xFE\x00\x40\x00\x40\x3F\x60\x7F\x60\x08\x60\x08\x20\x08\x30\x0F\xB2\x7E\x1E\x40\x1C\x00\x04'
    b'\x00\x00\x3F\x0C\x3F\x8C\x01\x8C\x01\x8C\x3F\x8C\x20\x0C\x60\x0C\x60\x0C\x7F\x8C\x01\x8C\x01\x8C\x01\x8C\x01\x8C\x0F\x0C\x0C\x08'
    b'\x00\x00\x79\x80\x7D\x84\x0D\x8C\x0D\x98\x7D\xB0\x61\x80\x41\xFE\x63\xFE\x7D\x90\x0D\x98\x0D\x98\x0D\x8C\x0D\xB6\x79\xE2\x20\x00'
    b'\x00\x00\x78\x80\x79\x80\x09\xFE\x09\x06\x7B\x26\x62\x30\x40\x34\x61\xB4\x7D\xB4\x0D\x36\x0B\x32\x0B\x32\x08\x30\x78\xE0\x20\x40'
    b'\x00\x00\x18\x7C\x7F\xFC\x32\x6C\x36\x38\x1E\x7C\x7E\xCE\x02\x00\x1F\xF8\x00\x08\x1F\xF8\x10\x00\x3F\xFC\x00\x04\x00\x7C\x00\x78'
    b'\x00\x00\x78\x8C\x78\xC8\x09\xFC\x09\xFE\x79\x26\x61\xFE\x41\x36\x61\x36\x7D\xFE\x0C\x20\x0F\xFE\x0F\xFE\x08\x20\x78\x20\x20\x20'
    b'\x78\xFC\x7D\xFC\x0D\x84\x0D\xFC\x7D\xFC\x60\x30\x61\xFE\x61\x26\x7D\x26\x0D\xFE\x0C\x34\x0C\x24\x0C\x3E\x3B\xFE\x20\x02\x00\x00'
    b'\x7B\xDE\x7B\xDE\x0A\x52\x0B\xDE\x78\x00\x63\xFE\x43\x26\x63\xFE\x7B\x26\x0B\xFE\x08\x30\x0B\xFE\x0B\xFE\x78\x20\x20\x20\x00\x00'
    b'\x00\x00\x0C\x00\x0D\xFE\x6C\x06\x6C\x06\x6C\x06\x6C\x06\x6C\xFE\x6D\xFE\x6C\x06\x0C\x06\x08\x06\x18\x06\x33\xFE\x70\x06\x00\x00'
    b'\x01\x80\x31\x8C\x19\x8C\x19\x98\x01\x80\x3F\xFC\x00\x0C\x00\x04\x00\x0C\x1F\xFC\x00\x04\x00\x04\x00\x0C\x3F\xFC\x00\x04\x00\x00'
    b'\x1F\xF0\x1F\xF0\x00\x10\x1F\xF0\x00\x30\x00\x38\x7F\xFE\x01\x88\x31\x98\x0B\xF0\x07\xE0\x1D\xB0\x71\x9C\x67\x86\x03\x00\x00\x00'
    b'\x00\x00\x7F\x84\x7F\x8C\x33\x38\x33\x60\x33\x00\x33\x06\x7F\x9C\x7F\xB8\x33\x20\x33\x02\x33\x06\x23\x0C\x63\x38\x63\x60\x02\x00'
    b'\x00\x00\x03\x84\x7F\x0C\x00\xB8\x6D\xA0\x25\x00\x21\x06\x04\x1C\x7F\xB8\x3F\xA0\x1C\x06\x1F\x06\x35\x9C\x64\x38\x04\x60\x04\x00'
    b'\x00\x00\x3F\x04\x21\x8C\x3F\xB8\x21\xA0\x3F\x80\x0C\x06\x7F\x9C\x00\x30\x3F\x20\x21\x06\x3F\x06\x2D\x0C\x6D\x38\x5D\xF0\x00\x00'
    b'\x00\x00\x32\x00\x32\x7E\x62\x36\x43\xB6\x1F\xB6\x32\x36\x72\x36\x72\x26\x32\x26\x33\xE6\x33\xE6\x30\x46\x30\xC6\x31\x9C\x00\x00'
    b'\x00\x00\x18\x40\x10\x60\x30\x60\x63\xFE\x48\x20\x18\x20\x30\x20\x70\x60\x73\xFC\x10\x20\x10\x20\x10\x20\x10\x60\x17\xFE\x10\x00'
    b'\x00\x00\x19\xF8\x13\xF8\x30\x18\x60\x30\x48\x70\x18\xDC\x33\x86\x72\x00\x73\xFC\x11\xFC\x10\x20\x10\x20\x10\x60\x17\xFE\x10\x00'
    b'\x00\x00\x18\x20\x11\xFC\x33\xFE\x60\x20\x4C\x70\x1B\xFE\x30\x08\x70\x1C\x73\xFE\x10\x08\x11\x88\x10\xC8\x10\x08\x10\x78\x10\x00'
    b'\x00\x00\x1B\xFC\x13\xFC\x33\x04\x63\xFC\x4B\xFC\x1B\x04\x33\xFC\x73\xFC\x73\x22\x13\x3E\x13\x18\x13\x18\x13\xEC\x13\x86\x10\x00'
    b'\x00\x00\x18\x60\x13\xFC\x30\x6C\x60\x6C\x4F\xFE\x18\x64\x33\xFC\x70\x60\x71\xFC\x13\xFC\x10\x60\x17\xFE\x10\x60\x10\x60\x10\x40'
    b'\x00\x00\x09\xFC\x1B\xFC\x33\xFC\x63\xFC\x4B\x0C\x19\xFC\x30\x00\x73\xFE\x70\x08\x17\xFE\x11\x18\x11\x08\x10\x88\x10\x38\x10\x30'
    b'\x00\x00\x12\x00\x36\x1E\x27\xD6\x6D\x16\x51\x16\x37\xF6\x37\xD6\x61\x16\x65\xD6\x25\xD6\x25\x16\x25\x96\x2F\xF4\x2E\x10\x20\x10'
    b'\x00\x00\x08\x1C\x1B\xF8\x32\x10\x63\xFE\x4B\x30\x1A\x30\x32\xFE\x72\x86\x72\xFE\x32\x86\x36\xFE\x36\xC6\x34\xFE\x34\xFE\x00\x84'
    b'\x00\x00\x03\x00\x01\x80\x00\x80\x04\xC0\x04\x40\x34\x08\x24\x0C\x24\x04\x24\x04\x64\x16\x44\x12\x44\x12\x06\x30\x07\xE0\x00\x00'
    b'\x00\x00\x02\x00\x03\x10\x01\xB0\x04\xB0\x04\x20\x34\x68\x24\x4C\x24\xC4\x65\x84\x67\x16\x47\x12\x0E\x10\x1E\x30\x37\xE0\x00\x00'
    b'\x00\x00\x01\x80\x01\x80\x7F\xFE\x01\x80\x01\x80\x1F\xFC\x3F\xFC\x00\x00\x0D\x80\x2C\x8C\x2C\xC4\x6C\x16\x4C\x12\x07\xF0\x00\x00'
    b'\x00\x00\x10\x60\x10\x60\x11\xFC\x5D\xFC\x5C\x64\x54\x64\x50\x44\x13\xFE\x10\xF0\x10\xF0\x10\x90\x11\x98\x13\x0C\x16\x06\x10\x00'
    b'\x00\x00\x0C\x00\x1F\xFC\x3B\x6C\x66\x6C\x06\xCC\x1C\x8C\x33\x88\x03\x38\x00\x38\x05\x80\x34\xCC\x24\x16\x64\x16\x07\xF0\x00\x00'
    b'\x00\x00\x01\x80\x3F\xFC\x7F\xFC\x03\xC0\x06\x60\x0E\x30\x7B\x1E\x61\x06\x00\x00\x25\x8C\x2C\xC4\x6C\x16\x6C\x32\x47\xF0\x00\x00'
    b'\x00\x00\x0C\x00\x1F\xFC\x1F\xFC\x36\x00\x67\xF8\x26\x00\x07\xF8\x07\xF8\x06\x00\x00\x88\x34\xCC\x24\x56\x64\x16\x47\xF0\x00\x00'
    b'\x00\x00\x06\x00\x0F\xE0\x18\x60\x3F\xF8\x7F\xF8\x00\x08\x1F\xF8\x00\x08\x1F\xF8\x00\x80\x35\x8C\x34\xC4\x64\x16\x67\xF2\x00\x00'
    b'\x00\x00\x10\x30\x11\x30\x11\x30\x5D\xFE\x57\x30\x56\x30\x52\x30\x10\x30\x13\xFE\x10\x30\x10\x30\x10\x30\x10\x30\x13\xFE\x10\x00'
    b'\x00\x00\x0C\x30\x04\x20\x06\x60\x1F\xF8\x10\x08\x10\x08\x18\x18\x1F\xF8\x00\x00\x25\x8C\x24\xC4\x64\x16\x64\x12\x47\xF0\x00\x00'
    b'\x00\x00\x11\xFE\x13\xFE\x10\x00\x5D\xFC\x5D\xFC\x55\x04\x51\x84\x51\xFC\x11\x04\x11\x04\x11\xFC\x10\x00\x10\x00\x13\xFE\x10\x00'
    b'\x00\x00\x10\x80\x10\x80\x13\xFE\x5D\x80\x5D\x90\x55\x12\x53\x52\x13\xD6\x12\x94\x16\xBC\x1C\x38\x10\x6C\x10\xC6\x11\x82\x10\x00'
    b'\x00\x00\x01\x00\x1F\xF8\x18\x08\x1F\xF8\x18\x18\x18\x18\x1F\xF8\x18\x08\x1F\xF8\x00\x00\x2D\x8C\x2C\xD4\x6C\x36\x47\xF2\x00\x00'
    b'\x00\x00\x10\x60\x10\x70\x18\xD8\x5D\x8C\x57\x0E\x57\xFE\x50\x00\x10\x00\x11\xFC\x11\x8C\x11\x0C\x11\x0C\x11\xFC\x11\xFC\x11\x04'
    b'\x3F\xFC\x3F\xFC\x02\x40\x12\x48\x12\x48\x1A\x50\x06\x60\x7F\xFE\x00\x00\x25\x8C\x24\x8C\x24\x96\x64\x16\x47\xF0\x00\x00\x00\x00'
    b'\x00\x00\x10\x32\x11\x36\x11\xB4\x5C\x30\x5D\xFC\x55\xFE\x51\x86\x11\xFE\x11\x86\x11\x86\x11\xFE\x11\x86\x11\x86\x11\x9C\x11\x08'
    b'\x00\x00\x10\x20\x13\xFE\x10\x20\x79\xFC\x5C\x20\x57\xFE\x50\x00\x11\xFC\x11\x04\x11\xFC\x11\x04\x11\xFC\x11\x04\x11\x0C\x11\x08'
    b'\x00\x00\x10\x60\x13\xFE\x13\xFE\x5C\x00\x5D\xFC\x55\x8C\x51\x04\x11\xFC\x11\xFC\x10\x20\x11\xAC\x13\x26\x16\x22\x10\xE2\x10\x40'
    b'\x00\x00\x09\xFC\x39\xFE\x70\x30\x0D\xB0\x19\xBC\x79\xB0\x59\xB0\x1B\xFE\x1B\xFE\x00\x80\x34\xCC\x24\x54\x64\x16\x47\xF0\x00\x00'
    b'\x00\x00\x11\xFC\x11\xFC\x13\xFE\x5B\xFE\x5D\xFC\x55\xFC\x51\xFC\x11\xFC\x11\x24\x11\x24\x11\x24\x11\x64\x10\xDC\x13\x86\x12\x00'
    b'\x00\x00\x10\xC0\x13\xFE\x11\x80\x5D\xFC\x57\x30\x53\xFE\x57\xFE\x11\xFC\x11\x8C\x11\xFC\x11\x84\x11\xFC\x11\x04\x11\x1C\x11\x08'
    b'\x18\xFC\x18\xFC\x7E\x84\x18\xFC\x3C\x84\x3E\xFC\x58\x84\x58\xFC\x08\xFC\x05\x08\x2D\x8C\x2C\x96\x6C\x32\x47\xF0\x00\x00\x00\x00'
    b'\x00\x00\x01\x80\x3F\xFC\x0C\x20\x7F\xFE\x00\x00\x1F\xF8\x10\x08\x1F\xF8\x10\x08\x1F\xF8\x00\x80\x2C\xCC\x6C\x16\x47\xF2\x00\x00'
    b'\x00\x00\x00\x2C\x3F\xFE\x3F\xFC\x20\x20\x2F\xAC\x20\x38\x2F\xB8\x6C\x9A\x4F\xBE\x00\x04\x35\x84\x24\xD4\x64\x36\x47\xF2\x00\x00'
    b'\x3F\xFC\x3F\xFE\x20\xC0\x27\xFC\x27\xFC\x24\x0C\x27\xFC\x24\xD0\x2E\xDC\x69\xC6\x60\x08\x6A\x4C\x5A\x56\x53\xF2\x00\x00\x00\x00'
    b'\x00\x00\x11\xFC\x11\x0C\x11\xFC\x5D\x0C\x5D\xFC\x53\xFC\x52\xDE\x12\xD6\x13\xFE\x10\x00\x13\xFC\x10\x98\x10\xF0\x13\xDE\x12\x02'
    b'\x00\x00\x00\x40\x3E\x4C\x7E\x6C\x06\x60\x26\xFE\x65\xE0\x3C\x64\x1C\x2C\x0C\x2C\x1E\x38\x36\x30\x72\x72\x61\xDE\x01\x0C\x00\x00'
    b'\x00\x00\x00\x58\x00\x4C\x3F\xFE\x3F\xFE\x30\x40\x30\x64\x3F\x6C\x33\x68\x32\x38\x22\x30\x22\x30\x6E\x72\x60\xDE\x43\x8E\x00\x00'
    b'\x00\x00\x06\x48\x7E\x4C\x28\x46\x08\x40\x7F\xFE\x1C\x60\x08\x64\x09\x6C\x1F\x38\x7C\x38\x08\x30\x08\xF2\x0B\xDE\x39\x0E\x00\x00'
    b'\x00\x00\x00\x48\x00\x4C\x7F\xFE\x00\x40\x00\x40\x3F\x44\x23\x4C\x23\x68\x3F\x78\x3F\x70\x01\x30\x1F\x72\x78\xFA\x01\x8E\x00\x04'
    b'\x00\x00\x18\x60\x18\x68\x18\x64\x1F\x62\x18\xFE\x19\xE0\x18\x24\x7E\x2C\x62\x2C\x62\x38\x62\x30\x66\x72\x7F\xDE\x61\x8E\x00\x00'
    b'\x00\x00\x04\x28\x3F\xAC\x0E\x24\x0E\x70\x7F\xFE\x10\x20\x3F\xA4\x3F\xAC\x76\x3C\x3F\x98\x3F\x98\x36\x1A\x3F\xFA\x3F\xEE\x00\x00'
    b'\x00\x00\x01\x80\x01\x80\x3F\xFC\x30\x0C\x30\x04\x30\x04\x3F\xFC\x30\x00\x30\x00\x20\x00\x20\x00\x60\x00\x60\x00\x40\x00\x00\x00'
    b'\x00\x00\x01\x80\x3F\xFC\x30\x0C\x30\x04\x3F\xFC\x30\xC0\x30\xC0\x3F\xFE\x33\x80\x23\x00\x23\xFC\x62\x0C\x66\x0C\x4C\x3C\x00\x30'
    b'\x00\x00\x06\x0C\x3C\xFC\x20\xC0\x20\xC0\x3E\xC0\x22\xFE\x22\xCC\x22\xCC\x3E\xCC\x3E\xCC\x60\x8C\x60\x8C\x40\x8C\x41\x8C\x00\x08'
    b'\x00\x1C\x3F\xF8\x01\x80\x00\x80\x1F\xFC\x3F\xFC\x00\x80\x00\x80\x7F\xFE\x7F\xFE\x00\x80\x00\x80\x01\x80\x07\x80\x06\x00\x00\x00'
    b'\x00\x00\x00\x20\x00\x20\x00\x60\x7F\xFE\x01\xE0\x01\x20\x03\x20\x06\x20\x0C\x20\x18\x20\x70\x20\x60\x20\x00\x60\x01\xE0\x01\x80'
    b'\x00\x00\x18\x20\x18\x20\x18\x20\x7E\x20\x18\x20\x18\x30\x1A\x38\x1E\x2C\x78\x26\x58\x20\x18\x20\x18\x20\x18\x20\x38\x20\x00\x20'
    b'\x00\x00\x18\x00\x19\xFE\x18\x18\x7E\x18\x18\x18\x18\x18\x1A\x18\x1E\x18\x78\x18\x18\x18\x18\x18\x18\x18\x18\x18\x78\xF0\x20\x00'
    b'\x00\x00\x10\x00\x13\xF8\x10\x88\x7C\x98\x10\x98\x10\x98\x10\x9E\x1D\x86\x79\x86\x51\x06\x11\x06\x13\x06\x16\x04\x74\x3C\x00\x00'
    b'\x00\x00\x18\x00\x19\xFC\x19\xFE\x7D\x86\x19\x86\x19\x86\x19\x86\x1D\x86\x79\x86\x59\x86\x19\x86\x19\x86\x19\xFE\x71\x86\x00\x00'
    b'\x00\x00\x10\xC0\x10\xC0\x11\xF8\x7F\xF8\x10\xC8\x10\xC8\x10\xC8\x1F\xC8\x70\xC8\x10\xF8\x11\xA8\x11\x0A\x13\x0E\x76\x0E\x00\x00'
    b'\x00\x00\x10\x30\x10\x30\x19\xFE\x7D\x80\x11\x00\x11\x00\x1D\x00\x1D\x00\x79\x00\x53\x00\x13\x00\x13\x00\x16\x00\x76\x00\x20\x00'
    b'\x00\x00\x10\x00\x11\xFE\x18\x06\x7C\x06\x10\x06\x10\x06\x11\xFE\x1D\xFE\x78\x06\x10\x06\x10\x06\x10\x06\x13\xFE\x70\x06\x00\x00'
    b'\x00\x00\x10\x98\x11\x98\x11\x88\x7D\x0C\x13\x06\x16\x06\x11\xFC\x1C\xCC\x78\x88\x50\x88\x11\x88\x11\x88\x13\x08\x76\x38\x00\x00'
    b'\x00\x00\x13\x30\x13\x30\x33\x30\x7F\x30\x33\x3E\x13\xF8\x13\x30\x3B\x30\x7B\x30\x73\x30\x13\x32\x13\x32\x13\xF6\x73\xBE\x20\x00'
    b'\x00\x00\x10\xD0\x10\xD8\x18\xC0\x7C\xCC\x11\xFC\x13\xC0\x14\xCC\x1C\x4C\x78\x58\x50\x70\x10\x60\x11\xF2\x13\x16\x70\x1C\x20\x00'
    b'\x0F\xF0\x1F\xF8\x00\x60\x01\xC0\x79\x9A\x7F\xFE\x19\x8C\x17\xE8\x17\xE8\x31\x8C\x3F\xF4\x61\x86\x61\x82\x43\x80\x03\x00\x00\x00'
    b'\x00\x00\x10\x60\x10\x60\x19\xFC\x7D\xFC\x10\x64\x10\x64\x14\x64\x1F\xFE\x78\x70\x50\xF0\x10\xD8\x11\x88\x13\x0C\x77\x06\x00\x00'
    b'\x00\x00\x10\x00\x13\xFC\x33\x64\x7B\x24\x13\x24\x13\x24\x13\xFC\x3B\xFC\x73\x00\x13\x00\x13\x02\x13\x02\x13\x06\x73\xFE\x20\x00'
    b'\x00\x00\x10\x0C\x11\xFC\x19\xE4\x7D\x24\x11\x24\x11\x24\x1D\x24\x1D\x24\x79\x24\x53\x24\x13\x26\x12\x22\x16\x22\x76\x22\x20\x20'
    b'\x00\x00\x10\xF8\x11\xF8\x31\x88\x7D\x88\x13\x0E\x13\x06\x14\x00\x3F\xFC\x71\x8C\x10\x88\x10\x58\x10\x70\x10\xF8\x73\x8E\x02\x02'
    b'\x00\x00\x10\x60\x10\x60\x13\xFE\x7C\x00\x10\x00\x10\xF8\x14\x98\x1C\x88\x78\x88\x50\x88\x11\x88\x11\x8A\x11\x0A\x73\x0E\x00\x00'
    b'\x00\x00\x18\x0C\x19\xFC\x19\x80\x7D\x80\x19\x80\x19\xFE\x19\x98\x1D\x98\x79\x98\x59\x18\x19\x18\x1B\x18\x1B\x18\x76\x18\x00\x08'
    b'\x00\x00\x33\x10\x33\x10\x33\x18\x7B\xBE\x33\xD6\x33\xD6\x33\xD6\x3A\xD6\x72\xF6\x32\xF6\x32\xEC\x36\xEE\x34\xC2\x7C\x7E\x00\x00'
    b'\x00\x00\x10\x20\x10\x30\x11\xFE\x7D\x06\x11\x02\x11\x06\x11\xFE\x1D\x00\x7B\x00\x53\x00\x13\x00\x12\x00\x16\x00\x76\x00\x00\x00'
    b'\x00\x00\x19\xFC\x19\xFC\x19\x04\x7D\x0C\x19\x1C\x19\x00\x1D\xFC\x1D\xFC\x79\x64\x59\x2C\x19\x38\x19\x18\x19\x3C\x71\xE6\x21\x00'
    b'\x00\x00\x10\x04\x11\xFC\x33\xF0\x7F\x10\x33\x10\x13\x30\x13\xFE\x3F\x10\x73\x10\x33\x18\x13\x18\x13\x4A\x13\xAE\x73\x36\x00\x00'
    b'\x00\x00\x10\x20\x10\x20\x10\x30\x7F\xFE\x13\x26\x13\x26\x17\x26\x3F\xFE\x73\xFE\x53\x26\x13\x26\x13\x26\x13\xFE\x73\xFE\x21\x00'
    b'\x00\x00\x10\x0C\x11\xFC\x19\x00\x7D\x00\x11\xFE\x11\xFE\x1D\x18\x1D\x18\x79\x78\x53\x38\x13\x1E\x13\x1A\x12\x18\x76\x18\x20\x10'
    b'\x00\x00\x10\x20\x10\x60\x19\xFE\x7D\xFE\x19\x06\x11\x06\x1D\x06\x1D\xFE\x79\xFE\x51\x06\x11\x06\x11\x06\x11\xFE\x71\xFE\x21\x00'
    b'\x00\x00\x11\xFC\x11\xFC\x11\x84\x7D\x84\x11\xFC\x11\xFC\x14\x60\x1D\xFE\x71\xFE\x50\x46\x10\xC6\x10\x86\x11\x86\x77\x3C\x00\x00'
    b'\x00\x00\x11\xFC\x11\xFE\x10\x46\x7C\x46\x10\xC6\x11\x8C\x17\x1C\x3C\x00\x71\xFE\x51\x86\x11\x06\x11\x06\x11\x86\x71\xFE\x01\x04'
    b'\x00\x00\x10\x04\x13\x0C\x33\x4C\x7F\x4C\x13\x2C\x13\x2C\x13\x08\x3F\x08\x73\x18\x73\x18\x13\xDC\x13\xB4\x12\x66\x70\xC2\x00\x00'
    b'\x00\x00\x11\xFC\x13\xFE\x33\x26\x7F\x26\x13\xFE\x13\xFE\x13\x26\x3F\x26\x73\xFE\x13\xFE\x13\x26\x12\x26\x16\x26\x76\x2E\x00\x04'
    b'\x00\x00\x11\x04\x11\x8C\x18\x88\x7C\x18\x13\xFE\x10\x00\x14\x00\x1C\x00\x79\xFC\x51\xFC\x10\x00\x10\x00\x10\x00\x73\xFE\x00\x00'
    b'\x00\x00\x11\xFC\x11\xFC\x10\x8C\x7C\xD8\x30\x70\x11\xFE\x13\x06\x3C\x20\x79\xFC\x70\x30\x10\x30\x13\xFE\x10\x20\x70\x20\x00\x00'
    b'\x00\x00\x10\x0C\x11\xFC\x10\x20\x7C\x20\x1B\xFE\x13\xFE\x10\x20\x1C\x20\x79\xFE\x51\x86\x11\x06\x11\x06\x11\xFE\x71\xFE\x21\x04'
    b'\x00\x00\x10\x40\x11\xF6\x31\xFC\x7C\x4C\x13\xFE\x13\xFE\x10\x60\x39\xFE\x77\xC0\x36\xC0\x10\xFC\x10\x04\x10\x0C\x70\x7C\x00\x00'
    b'\x00\x00\x11\x84\x10\x8C\x30\xC8\x7F\xFE\x10\xC8\x10\xC8\x14\xC8\x3C\xCC\x73\xFE\x50\x88\x10\x88\x11\x88\x13\x08\x73\x08\x20\x08'
    b'\x00\x00\x10\x60\x10\xF0\x10\xD8\x7D\x8C\x37\x06\x13\xFA\x10\x00\x3C\x00\x71\xFC\x31\x8C\x11\x0C\x11\x0C\x11\xFC\x71\xFC\x01\x04'
    b'\x00\x00\x03\xC0\x06\x60\x3F\xFC\x60\x06\x1F\xF8\x18\x18\x1F\xF8\x07\xF8\x1F\xC0\x1F\xFC\x01\x80\x7F\xFE\x01\x80\x07\x80\x03\x00'
    b'\x00\x00\x10\x20\x11\xFC\x11\xFC\x7C\x20\x11\xFE\x13\xFE\x10\x08\x1C\x1C\x7B\xFE\x70\x08\x11\x88\x10\x88\x10\x08\x70\x78\x00\x30'
    b'\x00\x00\x10\x20\x10\x70\x31\xFC\x7C\x20\x30\x20\x13\xFE\x13\xFE\x3C\x20\x70\x20\x71\xFC\x10\x60\x10\x20\x10\x70\x73\xFE\x00\x00'
    b'\x00\x00\x11\x04\x11\x3C\x11\xE0\x7D\x02\x19\x86\x11\xFC\x10\x00\x1D\xFE\x79\x86\x51\x86\x11\xFE\x11\x86\x11\x86\x71\xFE\x21\x04'
    b'\x00\x00\x10\x60\x10\x60\x33\xFE\x7B\x06\x33\x46\x10\x40\x13\xFE\x3F\xFE\x71\x88\x71\x98\x11\xF8\x10\x70\x10\xFC\x77\x86\x02\x00'
    b'\x00\x00\x10\xD0\x10\xD0\x12\xD6\x7A\xD6\x13\xDC\x11\xD0\x10\xD0\x1C\xDC\x7B\xD6\x56\x92\x10\x90\x11\x92\x11\x92\x73\x1E\x00\x00'
    b'\x10\x20\x12\x26\x33\x26\x7D\x2C\x30\x20\x11\xFC\x13\xFE\x3C\x06\x70\x06\x71\xFE\x10\x06\x10\x06\x30\x06\x73\xFE\x40\x04\x00\x00'
    b'\x00\x00\x10\x2C\x10\x24\x13\xFE\x7C\x20\x31\xFE\x13\xFE\x13\x26\x3F\xFE\x73\x76\x73\x26\x13\xFE\x13\x26\x13\x26\x73\x2E\x00\x28'
    b'\x00\x00\x11\xFC\x11\xFC\x19\x84\x7D\xFC\x10\x00\x11\xFE\x15\x86\x1D\x26\x71\x26\x11\x26\x11\x66\x10\x60\x10\xDC\x73\x86\x02\x00'
    b'\x00\x00\x10\x70\x10\x70\x10\xD8\x7D\x8C\x1B\xFE\x12\xFA\x10\x00\x1D\x64\x79\x64\x51\xAC\x11\xAC\x10\x88\x10\x18\x73\xFE\x00\x00'
    b'\x00\x00\x10\xC0\x10\xF8\x31\x98\x7F\x10\x33\xFC\x11\xFE\x11\x26\x3D\x26\x73\x66\x33\xFE\x10\x70\x10\xD8\x13\x8C\x77\x06\x00\x00'
    b'\x00\x00\x11\xFE\x13\xFE\x13\x06\x7F\xFE\x33\xFE\x13\x10\x13\xFE\x3B\xFE\x72\x10\x52\xFC\x12\xFE\x16\x86\x16\xC6\x74\xFE\x00\x84'
    b'\x00\x00\x10\x20\x13\xFE\x30\x60\x7D\xFC\x10\x6C\x11\xFE\x13\xFE\x3C\x64\x71\xFC\x50\x20\x13\x3C\x13\x30\x13\xE0\x76\xFE\x00\x00'
    b'\x00\x00\x10\x60\x10\x7E\x10\x60\x7D\xFC\x31\xFC\x11\x04\x11\xFC\x3D\x04\x71\xFC\x71\xFC\x10\x20\x13\xFE\x10\x60\x70\x20\x00\x20'
    b'\x00\x00\x10\xD8\x10\xD8\x33\xDE\x7F\xDE\x30\xD8\x10\xD8\x13\xDE\x38\xD8\x70\xD8\x70\xD8\x17\xDE\x10\xD8\x10\xD8\x70\xD8\x40\x90'
    b'\x00\x00\x13\xFC\x13\xFE\x12\x06\x7A\xD8\x31\x8C\x13\x04\x10\x20\x3F\xFC\x73\xFE\x10\xF8\x11\x28\x13\x24\x16\x26\x70\x20\x60\x20'
    b'\x00\x00\x10\x60\x13\xFE\x11\xFC\x78\x88\x30\xD8\x13\xFE\x10\x40\x38\xC0\x73\xFE\x51\x8C\x11\x88\x10\xF8\x10\x78\x73\xCE\x02\x00'
    b'\x00\x00\x10\x60\x10\x70\x13\xFE\x7A\x02\x32\xDA\x10\x8C\x11\x8C\x38\x00\x73\xFE\x53\xFC\x10\x20\x10\x20\x10\x20\x73\xFE\x00\x00'
    b'\x00\x00\x10\xB0\x11\x90\x11\xB8\x7D\xFE\x13\x10\x17\x98\x15\xFE\x3D\x98\x79\x10\x11\xFE\x11\x98\x11\x10\x11\xFE\x71\xFE\x01\x00'
    b'\x00\x00\x30\x5E\x32\xDE\x32\x96\x7B\xD4\x33\xD4\x31\x14\x31\x14\x3F\xF6\x73\xD2\x33\x12\x33\x92\x32\x96\x36\x74\x7C\x50\x00\x00'
    b'\x00\x00\x10\x88\x10\xCC\x33\xFE\x7C\x88\x10\x88\x11\xFE\x15\xFE\x3D\x26\x71\x26\x11\xFE\x11\x36\x11\x26\x11\x36\x71\xFE\x01\x00'
    b'\x00\x00\x11\xFC\x11\xFC\x11\x0C\x7D\xFC\x31\x0C\x11\xFC\x10\x00\x3F\xFE\x70\x60\x71\x20\x13\x3C\x13\x20\x17\xE0\x76\x7E\x00\x00'
    b'\x00\x00\x10\x0C\x13\xFE\x10\x20\x7F\xFE\x13\xFE\x10\x20\x13\xAE\x1B\x26\x72\x26\x53\xAE\x13\xAE\x12\x26\x13\xFE\x73\xFE\x22\x02'
    b'\x00\x00\x11\xA0\x13\xAE\x12\x26\x7B\xAE\x33\x26\x13\x26\x13\xFE\x3C\x20\x73\xFC\x73\xFE\x11\x8C\x10\xF8\x10\xF8\x77\xDE\x00\x02'
    b'\x00\x00\x11\xFC\x13\xFE\x33\x56\x7F\x56\x13\xFE\x10\x20\x14\x70\x3D\xFC\x70\x20\x13\xFE\x13\xFE\x10\x8C\x11\x8C\x73\xFE\x00\x00'
    b'\x00\x00\x10\x60\x13\xFE\x10\x88\x78\x88\x33\xFE\x13\x66\x12\x76\x3A\xFE\x72\x26\x52\xFE\x12\xDE\x12\xFE\x12\x76\x72\x0E\x02\x0C'
    b'\x00\x00\x10\x98\x13\xFE\x31\xD8\x78\x80\x33\xFC\x13\x04\x13\xFC\x3B\x04\x73\xFC\x70\x60\x17\xFE\x10\xF0\x11\xD8\x73\x8E\x02\x00'
    b'\x00\x00\x31\x24\x31\x6C\x37\xFE\x7E\x02\x37\xFE\x31\x88\x38\xF8\x39\xFC\x73\xE0\x33\xFC\x31\xFC\x37\xFE\x30\x60\x70\xE0\x00\xC0'
    b'\x00\x00\x10\x60\x13\xFE\x11\x98\x79\xD8\x13\xFE\x10\x00\x13\xFC\x1F\xFC\x73\x6C\x53\xFC\x10\x60\x13\xFE\x10\x20\x73\xFE\x20\x00'
    b'\x00\x00\x30\x38\x33\xE0\x30\x78\x7B\xE4\x31\xFC\x32\x66\x30\x3C\x3F\xBC\x73\x38\x37\xBE\x31\x1A\x37\xBC\x31\x0A\x73\xCE\x00\x00'
    b'\x00\x00\x10\x3E\x13\xF8\x31\x24\x79\x2C\x33\xFE\x10\xF8\x11\x2C\x3F\x26\x73\xFC\x73\x24\x13\xFC\x13\x6C\x13\x64\x73\xFC\x02\x04'
    b'\x00\x00\x31\xF8\x31\xF8\x31\x88\x7D\xF8\x30\x00\x33\xDE\x32\x56\x3F\xDE\x70\x20\x37\xFE\x31\xF8\x31\xE8\x37\x66\x74\x62\x00\x20'
    b'\x00\x00\x7F\x20\x7F\x7E\x32\x6C\x7F\xEC\x7D\x38\x25\x3C\x3F\x66\x06\x78\x3F\xF8\x01\x80\x3F\xF8\x7F\xFE\x7F\xFE\x01\x80\x03\x00'
    b'\x00\x00\x01\x80\x01\x80\x7F\xFE\x01\x80\x01\x80\x1F\xF8\x3F\xF8\x08\x18\x0C\x30\x06\x60\x03\xC0\x03\xC0\x0E\x70\x78\x1E\x00\x00'
    b'\x00\x00\x04\x40\x24\xC0\x64\xFE\x64\xFE\x65\x8C\x65\x88\x67\xC8\x64\x48\x64\x78\x6C\x30\x7C\x30\x04\x78\x05\xCC\x07\x86\x04\x00'
    b'\x00\x00\x00\x40\x7E\x40\x06\xFE\x06\xFE\x06\x8C\x07\xCC\x3F\xC8\x20\x68\x20\x38\x20\x30\x22\x30\x2E\x78\x78\xCC\x63\x86\x00\x00'
    b'\x00\x00\x00\xC0\x7E\x80\x7E\xFE\x19\xFE\x19\x8C\x1B\x08\x1B\x88\x1A\x98\x18\x58\x1A\x70\x1E\x70\x70\xF8\x01\xCC\x03\x06\x00\x00'
    b'\x00\x00\x18\x60\x18\x60\x7E\x7E\x7E\xFE\x30\xCC\x31\xCC\x3F\xC8\x36\x48\x36\x38\x26\x30\x26\x30\x66\x78\x66\xCC\x5D\x86\x00\x00'
    b'\x00\x00\x08\x60\x08\x40\x08\x7E\x7F\xFE\x7F\xC4\x09\xCC\x09\xCC\x18\x48\x7E\x68\x62\x38\x62\x30\x62\x38\x7E\x6C\x61\xC6\x00\x00'
    b'\x00\x00\x18\x20\x7F\x60\x7F\x7E\x00\x7E\x36\x44\x23\xCC\x60\xEC\x46\xA8\x3C\x38\x1C\x38\x0E\x38\x1E\x78\x72\xCC\x61\x86\x00\x00'
    b'\x00\x00\x06\x20\x7E\x60\x18\x7E\x08\x7E\x7F\x44\x7F\xEC\x08\xEC\x08\x2C\x7E\x38\x62\x18\x62\x18\x62\x38\x7E\x6C\x7E\xC6\x20\x00'
    b'\x00\x00\x0B\x20\x09\x20\x0D\x7E\x7F\x7E\x08\x64\x49\x64\x6B\xEC\x2E\x2C\x0C\x38\x3E\x18\x6B\x18\x49\x3C\x08\x66\x38\xC6\x10\x00'
    b'\x00\x00\x08\x20\x3D\xA0\x3F\x7E\x0B\x7E\x7F\x64\x0C\xE4\x3E\xAC\x7F\x3C\x66\x18\x0C\x18\x7F\x98\x7C\x3C\x0C\xE6\x1C\xC6\x00\x00'
    b'\x00\x00\x0C\x20\x1E\x20\x13\x7E\x21\xFE\x60\x44\x5E\xE4\x00\xE4\x5B\x2C\x6B\x38\x2A\x18\x2E\x18\x22\x38\x0F\x6C\x78\xC6\x00\x00'
    b'\x00\x00\x32\x20\x7F\x20\x7F\x3E\x32\x7E\x7F\xE4\x00\xE4\x3F\xE4\x33\x2C\x3F\x38\x3F\x18\x33\x18\x3F\x3C\x23\x66\x27\xC6\x26\x00'
    b'\x00\x00\x29\x20\x2B\x20\x2E\x7E\x7F\x7E\x1C\x64\x2F\x64\x48\xEC\x08\xAC\x7F\x38\x7F\x18\x33\x18\x3E\x3C\x1E\x64\x73\xC6\x00\x00'
    b'\x00\x00\x1C\x60\x7F\x7E\x3E\x4C\x7F\xEC\x7F\xA8\x1C\x38\x3E\x7C\x48\x46\x3F\xFC\x3F\xFC\x19\x80\x19\xF8\x19\x80\x7F\xFE\x00\x00'
    b'\x00\x00\x03\x00\x01\x00\x7F\xFE\x7F\xFE\x08\x10\x0C\x30\x0C\x30\x06\x60\x03\x40\x01\xC0\x01\xC0\x07\x60\x1C\x38\x70\x0E\x00\x02'
    b'\x00\x00\x00\x10\x0C\x10\x07\x10\x03\x90\x11\x90\x18\x10\x0E\x10\x06\x10\x00\x1E\x07\xFE\x7F\xB0\x00\x10\x00\x10\x00\x10\x00\x10'
    b'\x00\x00\x08\x0C\x4A\x4C\x4A\x6C\x6A\x3C\x28\x0C\x7E\xCC\x7E\x6C\x18\x2C\x3C\x0C\x3A\x3E\x48\xFC\x48\x0C\x08\x0C\x08\x0C\x08\x08'
    b'\x00\x00\x04\x0E\x55\xFC\x55\x60\x5F\x60\x46\x60\x5F\x7E\x46\x6C\x4E\x6C\x5F\x6C\x74\x6C\x44\x4C\x44\x4C\x7F\xCC\x7E\xCC\x00\x04'
    b'\x00\x00\x22\x06\x33\x7C\x7F\x60\x22\x40\x3E\x40\x3E\x7E\x32\x6C\x3E\x4C\x22\x4C\x7F\x4C\x7F\xCC\x24\xCC\x26\x8C\x63\x8C\x00\x00'
    b'\x00\x00\x18\x06\x7F\x7C\x7F\x60\x22\x40\x36\x60\x7F\x7E\x08\x6C\x0C\x4C\x7F\x4C\x08\x4C\x2A\x4C\x6B\xCC\x69\xCC\x58\x8C\x10\x04'
    b'\x00\x00\x01\x00\x01\x80\x7F\xFE\x7F\xFE\x06\x00\x06\x00\x07\xF8\x07\xF8\x04\x08\x0C\x08\x0C\x08\x18\x08\x30\x18\x60\xF0\x00\x40'
    b'\x00\x00\x10\xC0\x18\xC0\x7F\xFE\x33\x80\x33\x1C\x3C\xF8\x3E\xD0\x26\x92\x26\x9E\x26\x98\x26\x88\x64\x8C\x64\xF6\x5C\xF2\x00\x00'
    b'\x00\x00\x10\xC0\x10\xFE\x7F\xFE\x33\x00\x33\xFC\x3C\xFE\x3E\x34\x26\xB4\x26\xB0\x24\xBC\x24\xB0\x65\xF0\x65\xF0\x5D\x3E\x00\x00'
    b'\x00\x00\x3F\xFC\x03\x00\x03\x00\x03\x00\x03\x00\x7F\xFE\x03\x40\x02\x40\x06\x40\x04\x40\x0C\x42\x38\x46\x70\x7E\x00\x00\x00\x00'
    b'\x3E\xFC\x7E\xFE\x62\x10\x66\x90\x7E\x90\x62\x90\x66\xFE\x7E\x30\x60\x38\x64\x38\x66\x78\x6E\xDA\x79\xDA\x61\x9E\x00\x00\x00\x00'
    b'\x1F\xF8\x1F\xF8\x18\x08\x18\x08\x18\x08\x18\x08\x1F\xF8\x1F\xF8\x18\x08\x18\x08\x18\x08\x18\x08\x1F\xF8\x18\x18\x10\x08\x00\x00'
    b'\x00\x00\x1F\xF8\x18\x18\x18\x18\x18\x18\x1F\xF8\x18\x18\x18\x18\x18\x18\x1F\xF8\x1F\xF8\x00\x00\x00\x00\x7F\xFE\x00\x00\x00\x00'
    b'\x00\x00\x20\x00\x23\xFE\x22\x06\x22\x06\x22\x06\x22\x06\x23\x06\x23\xFE\x22\x06\x22\x06\x22\x06\x22\x06\x23\xFE\x23\xFE\x22\x00'
    b'\x1F\xF8\x1F\xF8\x10\x08\x1F\xF8\x1F\xF8\x10\x08\x1F\xF8\x1F\xF8\x01\x80\x7F\xFE\x7F\xFE\x01\x80\x01\x80\x01\x80\x00\x00\x00\x00'
    b'\x00\x0C\x7C\x0C\x6C\x0C\x65\xFE\x64\x0C\x6C\x0C\x7C\x8C\x6C\x8C\x64\xCC\x64\x4C\x6C\x0C\x7C\x0C\x64\x0C\x00\x78\x00\x00\x00\x00'
    b'\x00\xFC\x7C\xFE\x64\x86\x64\x86\x64\xFE\x6C\xFE\x7C\x86\x64\x86\x64\xFE\x64\xC6\x6D\x86\x7D\x86\x61\x06\x03\x1C\x00\x18\x00\x00'
    b'\x1F\xF8\x1F\xF8\x18\x18\x1F\xF8\x10\x08\x1F\xF8\x0E\x00\x0F\xFC\x3F\xFC\x62\x64\x0C\x44\x38\xCC\x03\x8C\x0E\x78\x00\x00\x00\x00'
    b'\x1F\xF8\x1F\xFC\x18\x0C\x1F\xFC\x18\x0C\x1F\xFC\x10\x80\x18\xC0\x3F\xFE\x20\x80\x6F\xFC\x0F\xFC\x00\x80\x3F\xFE\x00\x00\x00\x00'
    b'\x00\x00\x00\x20\x7C\x20\x6D\xFC\x6D\xFC\x6D\x24\x6D\x24\x7D\x24\x6D\xFE\x6F\xFE\x6C\x70\x6C\x58\x7C\xC8\x61\x8C\x03\x06\x00\x00'
    b'\x1F\xF8\x1F\xF8\x18\x18\x1F\xF8\x18\x18\x1F\xF8\x00\x00\x7F\xFE\x01\x80\x19\x80\x19\xF8\x39\x80\x37\x80\x63\xFE\x00\x00\x00\x00'
    b'\x1F\xF8\x1F\xF8\x10\x08\x1F\xF8\x1F\xF8\x10\x08\x1F\xF8\x00\x00\x02\x44\x32\x4C\x32\x4C\x12\x48\x06\x60\x7F\xFE\x00\x00\x00\x00'
    b'\x00\x00\x00\xC0\x79\xF8\x69\x98\x6F\x10\x6F\xFE\x6B\x66\x7B\x26\x6B\x66\x6B\xFE\x68\x70\x68\x70\x78\xD2\x61\x92\x07\x1E\x00\x00'
    b'\x00\x00\x0C\x30\x3F\xFC\x3F\xFC\x12\x48\x12\x48\x1E\x58\x7F\xFE\x00\x00\x1F\xF8\x18\x18\x1F\xF8\x1F\xF8\x18\x18\x1F\xF8\x10\x08'
    b'\x1F\xF8\x10\x08\x1F\xF8\x10\x08\x1F\xF8\x01\x80\x7F\xFE\x00\x00\x1F\xF8\x10\x08\x1F\xF8\x09\x80\x19\xBC\x73\x8E\x03\x00\x00\x00'
    b'\x00\x00\x18\x0C\x7F\x78\x30\x60\x7C\x60\x3F\x7E\x0C\x4C\x7F\xCC\x0C\x8C\x1F\xF8\x1F\xFC\x10\x0C\x1F\xFC\x10\x0C\x1F\xFC\x10\x08'
    b'\x00\x00\x00\x20\x7D\xFE\x6D\xFE\x6C\xCC\x6C\xC8\x6F\xFE\x7D\xFE\x6C\xFC\x6D\xFC\x6D\x84\x6D\xFC\x7D\x84\x6D\x84\x01\xFC\x01\x04'
    b'\x7F\xFE\x7F\xFE\x01\x80\x3F\xFC\x31\x8C\x31\x8C\x3F\xFC\x31\x8C\x3F\xFC\x1F\xF8\x19\x00\x0F\x00\x0F\xC0\x7C\x7E\x40\x06\x00\x00'
    b'\x00\x00\x0C\x30\x04\x20\x3F\xFC\x31\x8C\x35\xAC\x35\xAC\x3F\xFC\x1F\xFC\x0F\xF8\x1F\xF8\x18\x18\x1F\xF8\x18\x18\x1F\xF8\x10\x08'
    b'\x00\x00\x08\x10\x7F\xFE\x08\x10\x7E\x7E\x7F\xFE\x1C\x78\x36\xCC\x62\x86\x1F\xF8\x10\x08\x1F\xF8\x1F\xF8\x18\x08\x1F\xF8\x10\x08'
    b'\x1F\xF8\x18\x18\x1F\xF8\x18\x08\x1F\xF8\x00\x00\x7F\xFE\x33\x00\x3F\x7C\x33\x6C\x3F\x2C\x33\x38\x3F\xB8\x7B\x6E\x01\x40\x00\x00'
    b'\x0F\xF8\x0F\xF8\x08\x08\x08\x08\x0F\xF8\x0F\xF8\x08\x08\x08\x08\x0F\xF8\x1F\xF8\x18\x08\x18\x08\x10\x08\x30\x78\x00\x20\x00\x00'
    b'\x00\x00\x03\x00\x07\x00\x7F\xFE\x04\x00\x0C\x00\x1F\xF8\x3C\x08\x6F\xF8\x4F\xF8\x0C\x08\x0F\xF8\x0C\x08\x0C\x08\x0C\x38\x00\x30'
    b'\x3C\xFC\x3E\xFC\x26\x84\x26\x84\x3E\x9C\x3E\x98\x26\xFC\x26\xFE\x3E\xE4\x26\xB4\x26\x9C\x66\x98\x66\xBC\x4E\xE6\x08\x80\x00\x00'
    b'\x00\x00\x08\x7C\x1C\x7C\x7F\x7C\x30\x7C\x30\xFC\x36\xFC\x3F\x9C\x00\x88\x3F\xFC\x01\x80\x01\x80\x1F\xF8\x01\x80\x7F\xFE\x00\x00'
    b'\x00\x00\x08\x7C\x7F\x7E\x7F\x66\x0C\x66\x7F\x7E\x63\x7E\x7F\x66\x63\x66\x7F\x7E\x3E\x7E\x0C\x46\x7F\xC6\x0C\xC6\x08\x9E\x08\x08'
    b'\x00\x00\x23\x7C\x73\x7E\x7F\x66\x23\x66\x3F\x7E\x3F\x7E\x23\x66\x3F\x66\x23\x7E\x7F\x7E\x7F\xC6\x24\xC6\x26\xC6\x63\x9E\x00\x08'
    b'\x00\x00\x01\x80\x01\x80\x01\x80\x7F\xFE\x07\xC0\x07\xC0\x05\xA0\x0D\xB0\x09\x90\x19\x98\x31\x8C\x61\x86\x01\x80\x01\x80\x00\x00'
    b'\x00\x00\x01\x80\x01\x80\x3F\xFC\x01\x80\x01\x80\x01\x80\x7F\xFE\x07\xE0\x07\xE0\x0D\xB0\x19\x98\x31\x8C\x61\x86\x41\x80\x00\x00'
    b'\x00\x00\x01\x80\x01\x80\x7F\xFE\x01\x80\x01\x80\x01\x80\x3F\xFE\x07\xC0\x07\xE0\x0D\xB0\x19\x98\x71\x8E\x61\x86\x01\x80\x01\x80'
    b'\x00\x00\x01\x80\x01\x80\x01\x80\x7F\xFE\x03\xC0\x07\xE0\x05\xA0\x0D\x90\x19\x98\x31\x8C\x6F\xF6\x41\x82\x01\x80\x01\x80\x00\x00'
    b'\x00\x00\x18\xF0\x19\xF8\x19\x98\x7D\x98\x19\x98\x19\x98\x3D\x98\x3F\x98\x59\x98\x59\x98\x19\x1A\x19\x1A\x1B\x1A\x1A\x0E\x10\x00'
    b'\x00\x00\x10\x18\x1C\x30\x07\xE0\x03\xE0\x1E\x38\x30\x0C\x01\x80\x7F\xFE\x7F\xFE\x09\x80\x19\x98\x31\x8C\x71\x86\x47\x82\x00\x00'
    b'\x00\x00\x02\x00\x07\x00\x3F\xF0\x06\x30\x0C\x32\x18\x3E\x70\x1C\x01\x80\x7F\xFE\x09\x90\x09\x90\x19\x98\x71\x8C\x67\x86\x02\x00'
    b'\x00\x00\x18\x08\x18\x08\x18\x08\x7F\xFE\x18\x1C\x18\x18\x3C\x38\x3E\x28\x78\x48\x58\xC8\x19\x88\x1B\x08\x18\x08\x18\x38\x00\x00'
    b'\x00\x00\x01\x80\x7F\xFE\x7F\xFE\x01\x80\x3F\xFC\x3F\xFC\x31\x8C\x31\x8C\x3F\xFC\x07\xC0\x0D\xA0\x19\x98\x71\x8E\x61\x86\x00\x00'
    b'\x00\x00\x06\x00\x0F\xF8\x1C\x30\x3E\x60\x23\xC0\x07\xF0\x7C\x3E\x61\x80\x3F\xFC\x3F\xFC\x01\x80\x19\x98\x31\x8C\x67\x84\x02\x00'
    b'\x00\x00\x01\x80\x01\x80\x3F\xFE\x01\x80\x19\x98\x09\x90\x09\xB0\x7F\xFE\x03\xC0\x07\xA0\x0D\xB0\x19\x98\x71\x8E\x41\x82\x00\x00'
    b'\x00\x00\x10\x0C\x11\xFC\x19\x00\x7D\x00\x19\xFC\x39\xFE\x3D\x44\x3F\x64\x51\x2C\x51\x38\x13\x18\x13\x38\x12\x6E\x16\xC6\x10\x00'
    b'\x00\x00\x1B\xF8\x1B\xFC\x18\x88\x7C\x88\x18\x98\x19\xDE\x3D\xC6\x3D\xC4\x59\xEC\x59\x3C\x1B\x38\x1B\x38\x1A\x7C\x1E\xC6\x10\x00'
    b'\x00\x00\x18\xC0\x18\x80\x18\xFE\x7D\xFE\x19\x06\x1B\x46\x3C\x46\x3C\xC6\x58\x96\x59\xF6\x19\xDE\x18\x06\x18\x06\x18\x3C\x10\x10'
    b'\x00\x00\x18\x0C\x19\xFC\x19\x80\x7F\x80\x19\x80\x19\xFE\x3D\x98\x3F\x98\x59\x98\x59\x18\x19\x18\x1B\x18\x1B\x18\x1A\x18\x10\x08'
    b'\x00\x00\x18\xC0\x18\x80\x18\xFE\x7D\xFE\x19\x88\x19\x88\x3B\x88\x3C\xD8\x5E\x58\x58\x70\x18\x30\x18\x78\x19\xCC\x1B\x86\x10\x00'
    b'\x1F\xF8\x3F\xF8\x31\x88\x3F\xF8\x31\x88\x31\x88\x1F\xF8\x01\x80\x7F\xFE\x07\xE0\x07\xE0\x1D\xB0\x71\x8C\x61\x86\x00\x00\x00\x00'
    b'\x00\x00\x10\x60\x10\x70\x18\xD8\x7D\x8C\x1B\x06\x1B\xFE\x39\x88\x3D\x88\x55\x88\x51\xB8\x11\x98\x11\x82\x11\x86\x10\xFE\x10\x00'
    b'\x00\x00\x18\x00\x7F\x7C\x7F\x64\x13\x44\x33\x44\x33\x7C\x66\x7C\x01\x80\x7F\xFE\x7F\xFE\x07\xE0\x0D\xB0\x39\x9C\x61\x86\x00\x00'
    b'\x00\x00\x08\x10\x3F\xFC\x3F\xFC\x08\x10\x0F\xF0\x08\x10\x0F\xF0\x0F\xF0\x01\x80\x7F\xFE\x07\xE0\x0F\xB0\x39\x9C\x61\x86\x00\x00'
    b'\x00\x00\x20\xC0\x3B\xF0\x03\xF8\x70\x98\x09\x9A\x19\x9A\x37\x1E\x62\x0C\x01\x80\x7F\xFE\x07\xE0\x0D\xB0\x39\x9E\x61\x86\x00\x00'
    b'\x00\x00\x01\x80\x3F\xFE\x3F\xFC\x0D\xB0\x39\x9C\x70\x0E\x1F\xF8\x18\x18\x1F\xF8\x1F\xF8\x18\x18\x1F\xF8\x00\x00\x7F\xFE\x00\x00'
    b'\x00\x00\x11\xDC\x13\xDE\x13\x56\x7F\x56\x33\x56\x33\x56\x3F\xFE\x7F\xFE\x77\x56\x52\x56\x12\x56\x12\x56\x12\x76\x16\xF6\x10\x84'
    b'\x00\x00\x10\x00\x11\xFE\x10\x00\x7C\x00\x18\x00\x3B\xFE\x38\x30\x3C\xB4\x55\xB4\x51\x34\x13\x36\x13\x32\x12\x32\x10\xE0\x10\x00'
    b'\x00\x00\x10\x60\x10\x60\x11\xFE\x7C\xC0\x18\x80\x39\xB0\x39\x30\x7D\xFE\x54\x30\x50\x34\x11\xB4\x13\x36\x13\x32\x12\x62\x10\x40'
    b'\x00\x00\x18\x84\x18\x8C\x18\xC8\x7C\x18\x19\xFE\x38\x00\x3C\x00\x3E\x00\x59\xFC\x58\x00\x18\x00\x18\x00\x1B\xFE\x1B\xFE\x10\x00'
    b'\x00\x00\x10\x60\x10\x30\x1B\xFE\x7C\x00\x18\x88\x39\x8C\x3B\x06\x3F\x8A\x54\xD8\x50\x58\x10\x70\x10\x70\x10\xFC\x13\x8E\x10\x00'
    b'\x00\x00\x10\x8C\x10\xC8\x10\xD8\x7F\xFE\x38\x20\x38\x20\x39\xFC\x3C\x70\x50\x20\x50\x30\x13\xFE\x10\x20\x10\x20\x10\x20\x10\x20'
    b'\x00\x00\x10\x20\x10\x30\x13\xFE\x7C\x40\x38\xC8\x39\x98\x39\xF0\x3C\x36\x54\xEC\x51\xC8\x13\x18\x10\x78\x11\xCC\x13\x86\x10\x00'
    b'\x00\x00\x11\xFC\x11\xFC\x11\x04\x7D\xFC\x39\xFC\x39\x04\x3D\xFC\x3D\xFC\x55\x32\x51\x36\x11\x18\x11\x08\x11\xEC\x11\xC6\x10\x00'
    b'\x00\x00\x10\xC0\x10\xFC\x11\xFC\x7F\x8C\x3B\x58\x38\x70\x3C\xF8\x3F\x8E\x53\x86\x51\xFC\x11\x84\x11\x84\x11\x8C\x11\xFC\x11\x04'
    b'\x00\x00\x11\xFE\x13\xFE\x13\x00\x7F\x7E\x33\x18\x33\x10\x3B\x18\x3F\x7C\x53\x10\x53\x10\x13\x18\x13\x7E\x13\x00\x13\xFE\x10\x00'
    b'\x00\x00\x01\x00\x3F\xFC\x61\x06\x23\x04\x3F\xFC\x0C\x60\x07\xE0\x3F\x7C\x21\x8C\x7F\xFE\x7F\xFE\x07\xE0\x39\x9C\x71\x86\x00\x00'
    b'\x00\x00\x01\x80\x01\xFC\x01\x80\x1F\xF8\x10\x08\x1F\xF8\x10\x08\x1F\xF8\x01\x80\x3F\xFC\x7F\xFE\x07\xE0\x3D\x9C\x71\x86\x00\x00'
    b'\x00\x00\x10\x30\x11\x36\x11\x36\x7D\xB4\x38\x30\x39\xFE\x3D\xFE\x3C\x06\x50\x06\x51\xFE\x10\x06\x10\x06\x10\x06\x13\xFE\x10\x02'
    b'\x00\x00\x10\x1C\x11\xF8\x10\x60\x7C\x60\x33\xFE\x30\xD8\x39\x8C\x7F\x8E\x72\x9A\x50\x98\x11\x98\x11\x98\x13\x18\x13\x18\x10\x08'
    b'\x00\x00\x11\xFC\x11\xFC\x10\x88\x7C\x70\x33\xFE\x33\x36\x3B\x22\x7F\xFE\x53\x36\x53\x26\x13\xFE\x13\x26\x13\x22\x13\x2E\x10\x00'
    b'\x00\x00\x11\x80\x11\xFE\x13\x00\x7F\xFC\x33\xFC\x31\x64\x39\x34\x7F\xFE\x77\xFE\x53\x64\x13\x24\x13\xFE\x10\x0C\x10\x3C\x10\x30'
    b'\x00\x00\x10\x88\x10\xD8\x11\xFC\x7D\xFE\x38\x26\x31\xFE\x39\xFC\x7D\x20\x57\xFE\x51\xFE\x10\x62\x10\xE6\x13\x2E\x12\x20\x10\x20'
    b'\x00\x00\x10\x14\x10\x16\x13\xFE\x7F\xFE\x30\x18\x39\x5A\x3D\x5A\x77\xFE\x53\xFC\x53\x5C\x12\x48\x12\x5A\x16\x3A\x10\x66\x10\x00'
    b'\x00\x00\x10\x70\x10\x70\x10\xD8\x7D\x8C\x3B\xFE\x3A\xFA\x3C\x00\x35\x64\x71\x64\x51\xAC\x11\xAC\x10\x88\x10\x18\x13\xFE\x10\x00'
    b'\x00\x00\x10\x20\x13\xFE\x10\x60\x7D\xFC\x30\xE0\x33\xFE\x3B\xFE\x3D\xAC\x73\x66\x53\xFA\x10\x20\x11\xFC\x10\x70\x10\x20\x10\x20'
    b'\x00\x00\x01\x80\x3F\xFC\x3F\xFE\x05\xA0\x39\x9C\x71\x86\x08\x10\x7E\x7E\x7E\xFE\x18\x38\x3E\x7C\x6A\xD6\x49\x92\x08\x10\x08\x10'
    b'\x00\x00\x10\x20\x13\xFE\x13\xFE\x7C\x60\x31\xFC\x31\x04\x39\xFC\x7D\x8C\x75\xFC\x51\x8C\x11\x8C\x11\xFC\x11\x0C\x17\xFE\x10\x00'
    b'\x00\x00\x11\x24\x11\xAC\x10\xB0\x7F\xFE\x38\xF8\x39\xAC\x3B\x26\x7C\x60\x53\xFE\x53\xFE\x10\x88\x10\xF8\x10\x78\x13\xCE\x11\x02'
    b'\x00\x00\x33\xBC\x37\xBE\x36\x88\x7E\xA8\x37\xA8\x36\xA8\x3E\xBE\x7F\xBE\x76\x18\x76\x9C\x36\xDC\x37\xFC\x37\x6E\x30\x4E\x10\x00'
    b'\x00\x00\x10\x58\x13\xFE\x10\x58\x7F\xFE\x33\x52\x33\xFE\x3B\x52\x7F\xFE\x50\x00\x51\xFC\x11\x04\x11\xFC\x11\x04\x11\xFC\x11\x04'
    b'\x00\x00\x10\x98\x13\xFE\x11\xD8\x7C\x88\x33\xFC\x33\x04\x3B\xFC\x3F\x04\x57\xFC\x50\x60\x17\xFE\x10\xF0\x11\x98\x17\x0E\x10\x00'
    b'\x00\x00\x01\x80\x61\x00\x33\xFE\x13\xFE\x02\x04\x06\x64\x04\x6C\x00\x60\x18\x60\x30\xF0\x30\xD0\x61\x98\x63\x0C\x46\x06\x04\x00'
    b'\x00\x80\x00\x80\x00\x80\x18\x80\x18\x80\x18\xFC\x18\xFC\x18\x80\x18\x80\x18\x80\x18\x80\x18\x80\x18\xC0\x7F\xFE\x00\x00\x00\x00'
    b'\x00\x00\x3F\xFE\x00\x80\x00\x80\x00\x80\x18\x80\x18\xF8\x18\xFC\x18\x80\x18\x80\x18\x80\x18\x80\x19\xC0\x7F\xFE\x00\x00\x00\x00'
    b'\x04\x60\x04\x60\x04\x60\x24\x66\x24\x6E\x27\xF8\x26\x60\x24\x60\x24\x60\x24\x60\x24\x62\x27\xE2\x7F\x66\x70\x3E\x00\x00\x00\x00'
    b'\x00\x00\x01\x80\x19\x80\x19\xFC\x19\x80\x19\x80\x7F\xFE\x01\x80\x09\x80\x19\x8C\x31\x98\x61\xB0\x00\x60\x01\xC0\x3F\x00\x38\x00'
    b'\x00\x00\x00\x28\x3F\x2C\x00\x24\x00\x60\x7F\xFE\x00\x20\x06\x20\x26\x20\x37\xB0\x36\x30\x36\x10\x36\xDA\x3F\x8E\x7C\x0E\x00\x00'
    b'\x00\x00\x7F\xFE\x18\x40\x18\x40\x1F\x40\x3F\x46\x33\x7C\x63\x70\x5E\x60\x0E\x40\x0C\x42\x1C\x42\x38\x66\x60\x7E\x00\x00\x00\x00'
    b'\x00\x00\x00\xB0\x7E\xB0\x30\xFC\x31\xFC\x3F\x30\x24\x30\x65\xFE\x64\x78\x5C\x78\x08\xFC\x19\xB4\x1B\x36\x32\x32\x60\x30\x00\x10'
    b'\x00\x00\x00\x68\x7E\x6C\x30\x60\x30\x7C\x3F\xF0\x36\x60\x64\x7E\x65\xF8\x5C\x24\x0C\x2C\x18\x38\x18\x32\x30\xFA\x61\x8E\x00\x00'
    b'\x00\x00\x06\x78\x3C\x78\x20\x48\x20\xC8\x3E\xCE\x21\x86\x20\x00\x3E\xFC\x20\x4C\x20\x4C\x7E\x38\x78\x38\x20\x7C\x21\xC6\x21\x02'
    b'\x1F\xF8\x1F\xF8\x19\x08\x11\x88\x10\xC8\x7F\xFE\x7F\xFE\x10\x08\x33\x88\x30\x88\x30\x98\x3F\xFE\x00\x18\x00\xF0\x00\x00\x00\x00'
    b'\x00\x00\x08\x00\x1F\xFE\x3F\xFC\x30\x00\x7F\xFC\x19\x0C\x19\xCC\x7F\xFE\x7F\xFE\x13\x08\x10\xC8\x1F\xFE\x00\x1C\x00\xF8\x00\x70'
    b'\x00\x00\x01\x80\x7F\xFE\x01\x80\x3F\xFC\x01\x80\x7F\xFE\x1F\xF8\x1F\xF8\x11\x88\x7F\xFE\x31\x08\x31\x9C\x3F\xFE\x00\x78\x00\x60'
    b'\x20\xC0\x20\xC0\x20\xC0\x20\xC4\x3E\xDC\x3E\xF0\x20\xC0\x20\xC0\x20\xC0\x20\xC0\x20\xC2\x20\xC2\x3F\xC6\x78\x7C\x00\x00\x00\x00'
    b'\x20\xC0\x20\xCC\x3E\xF8\x30\xE0\x20\xC2\x27\xC6\x3E\x7E\x21\x80\x01\x80\x7F\xFE\x7F\xFE\x01\x80\x01\x80\x01\x80\x00\x00\x00\x00'
    b'\x00\x00\x01\x80\x7F\xFE\x00\x00\x1F\xF8\x1F\xF8\x00\x00\x7F\xFE\x60\x76\x6F\xE6\x01\xF8\x1F\x80\x07\xFC\x3F\x82\x01\xFE\x00\x00'
    b'\x00\x00\x08\x00\x1F\xFC\x3F\xFC\x30\x00\x6F\xF8\x40\x00\x3F\xF0\x3F\xF0\x00\x10\x00\x10\x00\x10\x00\x1A\x00\x1A\x00\x0E\x00\x04'
    b'\x00\x00\x01\x80\x01\x80\x01\x80\x01\x8C\x7D\x98\x0D\xF0\x0D\xE0\x0D\xA0\x19\xB0\x19\x98\x31\x8C\x61\x86\x41\x82\x07\x80\x07\x00'
    b'\x00\x00\x03\x80\x01\xE0\x00\x00\x1F\x84\x01\x8C\x00\xD8\x7E\xF0\x0C\xE0\x04\xB0\x0C\x90\x18\x98\x30\x8E\x60\x86\x07\x80\x07\x00'
    b'\x00\x00\x01\xB0\x01\x98\x01\x98\x7F\xFE\x01\x80\x21\x8C\x31\xD8\x19\xF0\x0B\xA0\x07\xB0\x0D\x98\x39\x8C\x61\x86\x07\x80\x06\x00'
    b'\x23\xFE\x73\xFE\x1B\x00\x03\x00\x43\x00\x73\x00\x13\x00\x03\x00\x03\x00\x1B\x00\x13\x00\x33\x00\x23\x00\x63\xFE\x00\x00\x00\x00'
    b'\x20\x00\x33\xFE\x19\x84\x01\x04\x61\x8C\x30\x8C\x10\x88\x00\xD8\x00\x70\x18\x70\x10\x70\x30\xD8\x33\x8C\x67\x06\x00\x00\x00\x00'
    b'\x00\x00\x20\x60\x72\x60\x1A\x64\x02\x7C\x43\xF4\x67\xE4\x36\x64\x02\x64\x02\x6C\x12\x68\x32\x62\x32\x02\x63\x06\x63\xFE\x00\x00'
    b'\x20\x00\x33\xFC\x18\x00\x00\x00\x47\xFE\x71\x80\x11\x80\x01\x80\x11\xFC\x10\x04\x30\x0C\x20\x0C\x60\x0C\x60\x78\x00\x00\x00\x00'
    b'\x00\x00\x20\x60\x30\x60\x10\x60\x07\xFC\x67\xFE\x30\x60\x10\x60\x00\xF0\x00\x90\x19\x90\x11\x98\x33\x8C\x26\xC6\x6C\x46\x00\x00'
    b'\x00\x00\x23\x00\x33\xFC\x1B\xFC\x06\x00\x47\xFC\x74\x00\x13\xF8\x03\xF8\x10\x08\x10\x08\x30\x08\x20\x0A\x60\x0A\x60\x0E\x00\x04'
    b'\x00\x00\x20\x60\x70\x60\x19\x6C\x01\x64\x43\x66\x62\x62\x36\x62\x06\x64\x04\x64\x10\x0C\x30\x18\x30\x30\x60\xE0\x67\x80\x00\x00'
    b'\x21\xF0\x31\xF8\x19\x18\x01\x18\x43\x1E\x66\x0E\x30\x00\x07\xFC\x01\x0C\x11\x88\x30\xD8\x30\x70\x61\xF8\x67\x9E\x00\x02\x00\x00'
    b'\x00\x00\x77\xFE\x18\x04\x00\x04\x43\xE4\x63\xE4\x32\x24\x02\x24\x02\x24\x13\xE4\x30\x04\x30\x04\x60\x04\x60\x3C\x00\x38\x00\x00'
    b'\x00\x00\x20\x60\x30\x60\x18\x60\x07\xFE\x66\x66\x36\x66\x16\x66\x07\xFE\x17\xFE\x16\x66\x36\x66\x36\x66\x27\xFE\x67\xFE\x02\x00'
    b'\x20\x00\x31\xF8\x19\x08\x01\x08\x43\x08\x73\x0E\x36\x06\x00\x00\x03\xFC\x1B\x0C\x13\x0C\x33\x0C\x23\x0C\x63\xFC\x02\x04\x00\x00'
    b'\x00\x00\x20\x60\x30\x60\x1B\xFC\x03\xFE\x40\x60\x70\x60\x37\xFE\x07\xFE\x00\xC0\x10\x88\x31\x8C\x33\x0C\x23\x7E\x67\xE6\x00\x00'
    b'\x00\x00\x20\x40\x30\x60\x1B\xFE\x07\xFE\x60\x60\x30\x60\x10\x60\x03\xFC\x03\xFC\x18\x60\x10\x60\x30\x60\x20\x60\x67\xFE\x00\x00'
    b'\x00\x00\x20\x60\x30\x60\x17\xFE\x00\x60\x60\x60\x33\xFC\x13\xFC\x00\x00\x13\xFC\x13\x04\x33\x04\x33\x04\x23\x04\x63\xFC\x03\x04'
    b'\x20\x60\x33\x60\x13\xFC\x07\xFC\x66\x60\x70\x60\x17\xFE\x07\xFE\x10\x90\x31\x90\x31\x90\x21\x12\x63\x12\x6E\x1E\x00\x00\x00\x00'
    b'\x00\x00\x20\x1C\x37\xF8\x10\x60\x00\x60\x67\xFE\x37\xFE\x10\x60\x00\x60\x13\xFC\x13\x04\x32\x04\x32\x04\x23\xFC\x63\xFC\x02\x04'
    b'\x00\x00\x20\x40\x37\xFE\x17\xFE\x01\x88\x63\x0C\x77\xFC\x17\x86\x02\x48\x12\x58\x12\x58\x32\x58\x26\x5A\x26\x5A\x6C\x4E\x00\x00'
    b'\x00\x00\x20\xD0\x30\xC8\x18\xC8\x03\xFC\x63\xC0\x30\xC0\x10\xFE\x07\xF8\x00\x4C\x18\x58\x10\x70\x30\x72\x21\xF6\x67\x1C\x00\x00'
    b'\x00\x00\x00\x06\x6F\xD6\x3C\x56\x0D\x56\x4D\x56\x6D\x56\x3D\x56\x0D\x56\x0D\x56\x3D\x56\x23\x56\x22\x86\x66\xC6\x4C\x4E\x00\x08'
    b'\x00\x00\x43\x06\x63\x16\x37\xD6\x07\xD6\x40\x96\x64\x96\x36\x96\x03\x96\x01\x96\x11\x96\x33\x96\x26\xC6\x66\x46\x6C\x1E\x00\x08'
    b'\x00\x00\x20\xC0\x33\xFC\x1B\xFC\x02\x04\x63\xFC\x32\x0C\x12\x0C\x03\xFC\x02\x20\x1A\x26\x12\x3C\x32\x18\x22\x4C\x67\xC6\x00\x00'
    b'\x00\x00\x23\x00\x73\xFE\x16\x00\x0F\xFC\x47\xFC\x72\x44\x32\x64\x0F\xFE\x0F\xFE\x16\xC4\x36\x64\x27\xFE\x60\x0C\x60\x78\x00\x30'
    b'\x00\x00\x20\x60\x32\x66\x1B\x6C\x00\x60\x63\xFC\x33\xFC\x13\x04\x03\xFC\x03\x0C\x1B\x04\x33\xFC\x33\x04\x23\x04\x63\x1C\x02\x10'
    b'\x00\x00\x20\x20\x31\x30\x19\x3E\x01\x20\x63\x30\x77\xFE\x10\x20\x01\x20\x03\x26\x1A\x2C\x16\x38\x30\x30\x20\xE0\x67\x80\x00\x00'
    b'\x23\xFC\x37\xFC\x11\x98\x00\xF0\x67\xFE\x36\x66\x16\x66\x07\xFE\x16\x66\x16\x66\x37\xFE\x36\x66\x66\x66\x66\x6E\x00\x00\x00\x00'
    b'\x00\x00\x00\x40\x77\xFE\x1F\xFE\x01\x20\x63\x30\x33\x7C\x12\x44\x06\xDC\x0E\xEC\x32\x28\x32\x38\x22\x38\x62\x7C\x62\xC6\x02\x00'
    b'\x00\x00\x63\x00\x73\xFE\x17\xFE\x0D\x06\x4B\xF6\x73\xF6\x10\xC6\x07\xFE\x10\xC6\x12\xD6\x32\xD6\x23\xF6\x60\x06\x60\x3C\x00\x00'
    b'\x00\x00\x20\x60\x33\x64\x1A\x6C\x02\x68\x60\xF0\x31\x9C\x17\x46\x00\x60\x13\x64\x12\x6C\x36\xE8\x30\xF0\x23\x9C\x67\x0E\x00\x00'
    b'\x23\xFC\x33\xFE\x1A\x06\x02\x90\x61\x88\x33\x0C\x10\x60\x03\xFE\x07\xFE\x18\xF8\x11\x68\x33\x64\x26\x62\x60\x60\x00\x20\x00\x00'
    b'\x23\xFC\x33\xFC\x1A\x0C\x03\xFC\x42\x0C\x73\xFC\x13\xFC\x02\x20\x16\x36\x17\xFC\x36\x30\x26\x32\x66\x32\x67\xBE\x00\x00\x00\x00'
    b'\x00\x00\x20\x60\x37\xFE\x10\x60\x03\xFC\x60\x60\x37\xFE\x10\x00\x03\xFC\x03\x0C\x13\xFC\x33\x0C\x23\xFC\x23\x0C\x63\x1C\x02\x18'
    b'\x00\x00\x20\x20\x37\xFE\x1E\xCC\x06\xC8\x47\xFE\x76\xCC\x16\xF8\x06\x78\x16\x00\x15\xFC\x34\xCC\x24\x78\x6C\x78\x69\xEE\x01\x00'
    b'\x00\x00\x00\x40\x77\xFE\x16\x06\x06\x06\x43\xFC\x60\x00\x33\xFC\x02\x0C\x03\xFC\x1B\xFC\x33\x0C\x33\xFC\x20\x00\x67\xFE\x00\x00'
    b'\x00\x00\x42\x30\x62\x30\x3F\xBE\x0F\xE0\x46\x60\x66\x7E\x37\x86\x07\x8C\x04\x88\x34\xBE\x2C\x88\x6C\x88\x69\x88\x5B\xB8\x00\x00'
    b'\x00\x00\x20\x60\x32\x64\x1A\x64\x03\xFC\x40\x00\x77\xFE\x17\xFE\x00\x40\x17\xFE\x16\xF6\x36\x96\x26\x96\x66\x96\x66\x9E\x02\x04'
    b'\x00\x00\x20\x60\x33\xFC\x1A\x64\x03\xFC\x60\x60\x37\xFE\x10\x00\x03\xFC\x02\x04\x12\x64\x32\x64\x22\x44\x20\xD8\x67\x8E\x00\x00'
    b'\x03\xFE\x77\xFE\x1E\x20\x06\xFC\x46\x84\x66\xFC\x36\x8C\x06\x84\x06\xFC\x14\x30\x34\xB4\x25\xB6\x6D\x36\x69\x72\x00\x60\x00\x00'
    b'\x00\x00\x44\x9E\x64\x9E\x37\x92\x0F\xD2\x43\x1E\x6F\x5E\x2F\x52\x0F\x52\x0F\xDE\x3F\xF6\x22\x32\x62\x22\x66\x62\x4C\x6E\x00\x00'
    b'\x00\x00\x61\x98\x77\xFE\x11\x98\x00\x00\x47\xFE\x70\x90\x30\x90\x07\xFE\x16\x96\x16\xDE\x37\xFE\x27\x26\x66\x66\x66\x0E\x00\x00'
    b'\x00\x00\x00\x68\x6E\x68\x2F\x7E\x03\x7E\x4B\xC8\x6F\xEC\x26\xFE\x06\x68\x06\x48\x27\x7E\x25\x6C\x6D\x48\x78\x7E\x40\x7E\x00\x40'
    b'\x27\xFC\x37\xFE\x14\x06\x07\xFE\x44\x00\x67\xFE\x34\x30\x05\xFC\x05\xFE\x35\xBA\x25\x6E\x6D\x3A\x69\x6E\x49\x26\x01\x00\x00\x00'
    b'\x00\x00\x20\x98\x37\xFE\x19\x98\x00\x90\x43\xFC\x73\x04\x13\xFC\x03\x04\x13\xFC\x10\x60\x37\xFE\x20\xF0\x61\x98\x67\x0E\x04\x02'
    b'\x63\xFC\x33\x0C\x13\xFC\x03\x0C\x43\xFC\x77\xFC\x17\xF6\x06\xB6\x07\xFE\x17\xFC\x37\xFC\x21\x98\x60\xF0\x67\xDE\x04\x00\x00\x00'
    b'\x00\x00\x23\x08\x37\xBE\x13\x18\x07\xBE\x47\xBE\x63\x9C\x3E\xF6\x0C\x22\x03\xFC\x12\x04\x33\xFC\x23\xFC\x63\x0C\x63\xFC\x02\x04'
    b'\x00\x00\x43\x10\x67\x90\x3C\xB0\x0F\xBE\x4C\xE4\x6F\xE4\x23\x74\x03\x14\x0F\xDC\x36\x18\x27\x88\x24\x9C\x6C\xB6\x4B\xE2\x00\x00'
    b'\x00\x00\x01\x80\x01\x80\x01\x84\x19\x8C\x11\x8C\x11\x98\x31\xB0\x21\x80\x03\x40\x02\x60\x04\x30\x0C\x18\x38\x0C\x60\x06\x00\x00'
    b'\x00\x00\x7F\xFE\x00\x00\x01\x80\x01\x84\x19\x8C\x11\x88\x31\x98\x23\xC0\x02\x60\x06\x60\x0C\x38\x38\x1C\x60\x06\x00\x00\x00\x00'
    b'\x00\x00\x04\x00\x04\x00\x7F\xFE\x0C\x00\x08\x40\x08\x44\x1A\x4C\x12\x48\x36\xD8\x64\xE0\x40\xA0\x01\xB0\x07\x1C\x1C\x06\x10\x00'
    b'\x1F\xF8\x1F\xF8\x00\x08\x1F\xF8\x00\x08\x1F\xF8\x3F\xF8\x01\x80\x09\x8C\x19\x98\x33\xD0\x06\x60\x0C\x38\x78\x1E\x00\x02\x00\x00'
    b'\x00\x00\x18\x80\x19\x80\x19\xFE\x5F\xE0\x5D\x60\x5B\x60\x5A\x7E\x50\x60\x18\x60\x18\x60\x34\x7E\x36\x60\x22\x60\x60\x60\x00\x00'
    b'\x00\x00\x01\x00\x01\xFC\x01\xFC\x01\x00\x01\x80\x1F\xFC\x10\x0C\x10\x0C\x18\x0C\x1F\xFC\x00\x00\x36\xCC\x26\x44\x62\x66\x02\x00'
    b'\x00\x00\x18\x40\x18\xFE\x19\xF8\x5E\x6C\x5C\x38\x58\xF2\x59\x9E\x58\x00\x11\xFE\x18\xD8\x1C\x58\x36\xDA\x21\x9A\x63\x9E\x00\x00'
    b'\x00\x00\x18\x40\x18\x40\x7F\xF8\x18\xC8\x18\xC8\x1D\xC8\x79\xC8\x18\xEA\x19\xAE\x73\x06\x20\x00\x20\x48\x26\x4C\x66\x66\x02\x00'
    b'\x00\x00\x0C\x34\x1F\x34\x19\x30\x3F\xFE\x67\xFE\x76\x30\x1C\x78\x0C\xCC\x39\xC6\x61\x02\x00\x00\x32\x4C\x32\x64\x22\x66\x22\x00'
    b'\x3D\xFC\x7D\xFE\x64\x46\x64\xC4\x65\x9C\x7C\x00\x65\xFC\x65\x84\x65\x84\x7D\xFC\x00\x00\x24\x4C\x26\x44\x66\x66\x02\x00\x00\x00'
    b'\x00\x00\x3F\xFC\x1D\x80\x7F\xFE\x01\x80\x3F\xFC\x35\xB4\x35\xAC\x3F\xFC\x01\x80\x3F\xFC\x7F\xFE\x7F\xFE\x36\x4C\x62\x66\x02\x00'
    b'\x00\x00\x10\x20\x13\xFE\x10\x8C\x54\x88\x5D\xFC\x5B\xFE\x53\x52\x53\xCE\x13\x8E\x13\x7A\x3B\x5A\x2F\x7A\x67\x02\x63\x0E\x00\x0C'
    b'\x00\x00\x11\x18\x11\xDC\x13\xDA\x5B\x7E\x5F\xFE\x56\xD8\x57\x98\x11\xA4\x13\x66\x32\x42\x38\x00\x2B\xD4\x62\xD2\x42\x5A\x02\x40'
    b'\x11\xFC\x11\x04\x11\xFC\x5D\x04\x59\xFC\x53\xFE\x51\xFC\x13\xFE\x11\xFC\x33\xAC\x3B\xAE\x2C\xA0\x63\xBC\x42\x66\x00\x40\x00\x00'
    b'\x00\x00\x0C\x20\x0C\x30\x18\x18\x18\x0C\x30\x16\x6C\x36\x04\x20\x06\x60\x03\xC0\x01\x80\x03\xC0\x06\x60\x1C\x38\x70\x0E\x00\x00'
    b'\x00\x00\x08\x60\x08\x60\x08\x60\x08\x60\x0F\xFC\x08\x00\x08\x00\x08\x00\x1F\xF0\x18\x10\x10\x10\x10\x10\x30\x10\x60\x10\x00\x10'
    b'\x00\x00\x2C\x0E\x2C\xFC\x2C\x80\x2C\x80\x3E\xFC\x3C\xFE\x20\xE6\x21\xA4\x3D\xAC\x65\xBC\x65\x98\x65\x18\x47\x7C\x47\xC6\x04\x00'
    b'\x00\x00\x2C\x20\x2D\xFC\x2D\xFE\x2D\x36\x3D\xFE\x3D\xB6\x21\x26\x61\xFE\x7C\x60\x6C\xD8\x6D\xFE\x6D\xFE\x4C\x18\x4C\x18\x00\x00'
    b'\x00\x00\x18\x80\x79\x80\x79\xFE\x7D\xFE\x7F\x5E\x5A\x56\x58\xD6\x18\x96\x1D\xB6\x7B\x26\x5A\x66\x18\x46\x18\xC6\x19\x9C\x08\x18'
    b'\x00\x00\x08\x30\x68\xFC\x68\xFE\x7C\x30\x7D\xFE\x49\xFE\x48\x08\x09\xFE\x1D\xFE\x78\x08\x48\x88\x08\xC8\x08\x08\x08\x38\x08\x30'
    b'\x00\x00\x0C\x28\x0C\x2C\x6C\x26\x6C\x20\x2F\xFE\x2D\xFC\x0C\x70\x0C\x70\x1C\x70\x3C\xD8\x6C\xC8\x4D\x8C\x0D\x06\x0F\x02\x08\x00'
    b'\x05\xFE\x6D\xFE\x38\x30\x38\x30\x78\x30\x48\x30\x09\xFC\x19\xFC\x38\x30\x6C\x30\x0C\x30\x08\x30\x08\x30\x7B\xFE\x00\x00\x00\x00'
    b'\x00\x00\x04\x80\x6D\x80\x39\xFE\x3B\x06\x7A\x06\x0B\xF6\x19\xF6\x19\x36\x3D\x36\x4D\xB6\x0D\xF6\x08\x06\x08\x06\x38\x3C\x00\x38'
    b'\x04\xFC\x6D\xFC\x39\x84\x39\x84\x79\xFC\x09\xFC\x19\x84\x19\x84\x3D\x8C\x6D\xFC\x0D\x84\x09\x84\x09\x8C\x7B\xFE\x00\x00\x00\x00'
    b'\x00\x00\x24\x20\x3C\x20\x39\xFC\x39\xFC\x79\x24\x09\x24\x0D\x24\x1D\x24\x3D\xFC\x6C\x20\x0C\x24\x0C\x24\x08\x7E\x3B\xFE\x00\x02'
    b'\x00\x00\x08\x18\x7B\x1C\x31\x1A\x31\x18\x70\x7E\x17\x18\x1B\x18\x3B\x18\x7B\x18\x5B\x3C\x1B\xA4\x1B\xE4\x1B\x66\x72\x42\x00\x00'
    b'\x00\x00\x01\x00\x7F\xFE\x7F\xFE\x23\x64\x37\xCC\x17\x80\x11\x68\x37\xEC\x67\xA6\x01\x80\x7F\xFE\x7F\xFE\x01\x80\x01\x80\x01\x80'
    b'\x00\x00\x7D\xFC\x38\x00\x10\x00\x10\x00\x3B\xFE\x7D\xFE\x10\xD8\x10\xD8\x10\x98\x1D\x98\x79\x9A\x43\x1A\x06\x1E\x00\x00\x00\x00'
    b'\x00\x00\x7D\xFE\x38\x30\x10\x30\x10\x60\x38\x78\x7C\xFC\x11\xA4\x13\xA6\x13\x22\x1C\x20\x78\x20\x40\x20\x00\x20\x00\x20\x00\x00'
    b'\x01\xFC\x7D\xFC\x31\x04\x11\x24\x11\x24\x31\x24\x7D\x24\x11\x24\x11\x64\x10\x70\x1C\x70\x78\xD2\x41\x92\x07\x1E\x00\x00\x00\x00'
    b'\x00\x00\x00\x60\x7C\xF0\x30\x98\x33\x8C\x32\x26\x30\x60\x79\xC8\x33\x18\x30\x72\x31\xC6\x3D\x0C\x78\x38\x40\xE0\x03\xC0\x00\x00'
    b'\x00\x00\x00\x28\x7C\x2C\x30\x6C\x13\xFE\x10\x20\x33\x24\x7D\x2C\x11\xF8\x10\x78\x14\xE8\x3D\xAC\x73\x26\x02\x22\x00\xE0\x00\x80'
    b'\x01\xFC\x7D\xFE\x31\x26\x11\x76\x11\xFE\x31\x26\x7D\x36\x31\xFE\x10\x20\x10\x30\x3F\xFE\x78\x20\x40\x20\x03\xFE\x00\x00\x00\x00'
    b'\x00\x00\x00\x20\x7D\x26\x11\x26\x11\xFE\x10\x00\x33\xFE\x7F\xFE\x10\x60\x13\xFE\x13\x5E\x1F\x52\x7F\x52\x63\x52\x03\x5E\x00\x04'
    b'\x00\x00\x26\xFE\x26\xFE\x34\x40\x7E\x40\x34\xFC\x24\xCC\x24\xCC\x7E\xEC\x7E\xFC\x24\xBC\x24\x8A\x64\x8A\x65\xFA\x45\xEE\x04\x00'
    b'\x00\x80\x18\x80\x19\x80\x1F\xFC\x31\x80\x60\x80\x60\x80\x1F\xF8\x1F\xFC\x00\x80\x00\x80\x00\x80\x01\x80\x7F\xFE\x00\x00\x00\x00'
    b'\x3F\xFC\x3F\xFC\x31\x84\x31\x84\x3F\xFC\x3F\xFC\x31\x84\x31\x84\x3F\xFC\x3F\xFC\x21\x84\x21\x84\x61\x84\x41\xBC\x00\x00\x00\x00'
    b'\x00\x00\x01\x80\x01\x80\x3F\xFC\x3F\xFC\x21\x84\x21\x84\x21\x84\x3F\xFC\x31\x8C\x21\x84\x21\x84\x21\x84\x3F\xFC\x3F\xFC\x20\x04'
    b'\x3F\xFC\x3F\xFC\x21\x84\x21\x84\x3F\xFC\x3F\xFC\x21\x84\x21\x84\x3F\xFC\x3F\xFC\x01\x80\x01\x80\x01\x80\x01\x80\x01\x00\x00\x00'
    b'\x00\x00\x01\x00\x01\x00\x3F\xFC\x31\x8C\x21\x0C\x3F\xFC\x3F\xFC\x21\x0C\x31\x8C\x3F\xFC\x31\x80\x01\x02\x01\x82\x01\xFE\x00\x00'
    b'\x00\x00\x7F\xFE\x00\x00\x0F\xF0\x0F\xF0\x6D\x96\x6D\xB6\x6F\xF6\x6D\x96\x6D\xB6\x6F\xF6\x60\x06\x7F\xFE\x7F\xFE\x20\x04\x00\x00'
    b'\x1F\xF8\x3F\xFC\x31\x8C\x3F\xFC\x31\x8C\x31\x8C\x3F\xFC\x0C\x20\x1C\x38\x74\x2E\x44\x22\x0C\x20\x18\x20\x38\x20\x00\x20\x00\x00'
    b'\x00\x00\x06\xFC\x3C\xFE\x60\x64\x66\x64\x66\x44\x7F\xCC\x73\x98\x1F\xFC\x3F\xFC\x31\x8C\x3F\xFC\x31\x8C\x31\x8C\x3F\xFC\x10\x04'
    b'\x00\x00\x00\x40\x7E\xFC\x7E\xFC\x5F\xCC\x5F\x78\x5E\x30\x7E\x7C\x7F\xC6\x5F\xFE\x5E\xFC\x5E\x84\x7E\x84\x7E\xCC\x00\xFC\x00\x84'
    b'\x00\xFC\x3F\xF0\x09\x98\x09\x90\x7F\xFE\x07\xF0\x1D\x98\x70\x0E\x1F\xF8\x11\x88\x1F\xF8\x1F\xF8\x11\x98\x1F\xF8\x10\x08\x00\x00'
    b'\x00\x00\x00\xC0\x1F\xFE\x58\x00\x58\x00\x7B\xFC\x3A\x0C\x1A\xAC\x3A\xEC\x7A\x6C\x52\x6C\x12\xEC\x36\xBE\x35\x0E\x24\x06\x00\x00'
    b'\x00\x00\x00\xC0\x1F\xFE\x58\x00\x5B\xFC\x7B\xFC\x3B\x0C\x1B\xFC\x3A\x0C\x7B\xFC\x53\x64\x32\x64\x32\x38\x23\xDC\x67\xCE\x00\x00'
    b'\x00\x00\x1F\xC0\x1F\x70\x22\x64\x3E\x3C\x1F\xFC\x38\x0E\x70\x02\x1F\xF8\x18\x18\x1F\xF8\x0F\xF0\x0C\x30\x0C\x30\x7F\xFE\x00\x00'
    b'\x00\x00\x01\x00\x03\x00\x1F\xF8\x3F\xFC\x30\x0C\x30\x0C\x30\x0C\x3F\xFC\x30\x0C\x30\x0C\x30\x0C\x30\x0C\x3F\xFC\x30\x0C\x00\x00'
    b'\x7F\xFE\x7F\xFE\x01\x00\x01\x00\x3F\xFC\x3F\xFC\x30\x0C\x30\x0C\x3F\xFC\x3F\xFC\x30\x0C\x30\x0C\x30\x0C\x3F\xFC\x10\x08\x00\x00'
    b'\x00\x00\x18\x40\x10\x40\x38\xC0\x7E\xFE\x67\x86\x67\x06\x66\x06\x7E\x46\x66\x66\x66\x36\x66\x06\x7E\x06\x7E\x06\x64\x3C\x00\x00'
    b'\x00\x00\x08\x10\x0C\x30\x0E\x70\x7F\xFE\x04\x20\x0C\x38\x38\x1C\x70\x0E\x1F\xF8\x12\x48\x12\x48\x12\x48\x12\x48\x7F\xFE\x00\x00'
    b'\x00\x00\x04\x60\x24\x60\x24\xFE\x24\xC0\x25\x90\x25\x18\x24\x18\x04\x00\x1F\xF8\x3F\xFC\x32\x4C\x32\x4C\x36\x4C\x7F\xFE\x00\x00'
    b'\x00\x00\x0C\x20\x06\x60\x3F\xFC\x01\x80\x3F\xFC\x01\x80\x7F\xFE\x7F\xFE\x00\x00\x3F\xF8\x32\x48\x32\x48\x32\x4C\x7F\xFE\x00\x00'
    b'\x00\x00\x01\x80\x0F\xF8\x09\x18\x09\x98\x3F\xFE\x7F\xFE\x1B\x18\x31\x98\x20\x30\x1F\xF8\x3F\xFC\x32\x4C\x32\x4C\x7F\xFE\x00\x00'
    b'\x00\x00\x3F\xFC\x30\x0C\x30\x0C\x3F\xFC\x3F\xFC\x30\x0C\x30\x0C\x3F\xFC\x3F\xFC\x30\x0C\x30\x0C\x3F\xFC\x3F\xFC\x10\x08\x00\x00'
    b'\x00\x00\x01\x80\x7F\xFE\x7F\xFE\x01\x80\x1F\xF8\x18\x18\x1F\xF8\x18\x18\x1F\xF8\x1F\xF8\x18\x18\x1F\xF8\x18\x18\x7F\xFE\x00\x00'
    b'\x00\x00\x10\x00\x11\xFE\x19\x86\x7D\x06\x19\x86\x19\xFE\x3D\x06\x3D\x06\x51\xFE\x51\xFE\x11\x06\x11\x06\x11\xFE\x11\xFE\x11\x00'
    b'\x00\x00\x01\x80\x09\x98\x19\x9C\x31\xBE\x00\xE0\x0F\x80\x7F\xF8\x18\x08\x1F\xF8\x18\x08\x1F\xF8\x1F\xF8\x18\x08\x1F\xF8\x08\x08'
    b'\x00\x00\x00\x7C\x3F\xE0\x01\x80\x3F\xFC\x03\x00\x7F\xFE\x0C\x00\x1F\xFC\x38\x0C\x6F\xFC\x48\x0C\x0F\xFC\x08\x0C\x0F\xFC\x08\x08'
    b'\x00\x00\x01\x80\x7F\xFE\x01\x80\x1F\xF8\x18\x18\x1F\xF8\x18\x18\x1F\xF8\x18\x18\x1F\xF8\x18\x1C\x7F\xFE\x0C\x30\x38\x0E\x20\x00'
    b'\x01\xFC\x7D\xFC\x6D\x04\x4D\x04\x7D\xFC\x6D\x30\x4D\x10\x6D\xFE\x7D\xFE\x4D\x10\x4D\x10\x7D\x1A\x6F\xEA\x43\xCE\x00\x00\x00\x00'
    b'\x00\xFC\x7D\xFC\x65\x84\x65\xFC\x7D\xFC\x6D\x84\x65\xFC\x6D\xFC\x7D\xB2\x65\x96\x65\x9C\x7D\x88\x6D\xEE\x65\xC6\x00\x00\x00\x00'
    b'\x00\x00\x04\x30\x3F\xFC\x01\x00\x1F\xFC\x03\x00\x7F\xFE\x0E\x00\x0F\xF8\x3C\x0C\x7F\xFC\x48\x0C\x0F\xFC\x08\x0C\x0F\xFC\x08\x08'
    b'\x00\x00\x00\x1E\x7B\xF8\x68\x20\x6B\xFE\x79\xBC\x79\xA4\x69\xBC\x6B\xFE\x79\xA4\x69\xB4\x6B\xFE\x68\x20\x78\x30\x69\xFE\x00\x00'
    b'\x00\x00\x10\x00\x30\x7C\x3F\x7E\x6C\x46\x6C\x46\x0C\x46\x7F\x46\x7F\x46\x0C\x46\x1C\x46\x1E\x46\x33\x66\x61\x7E\x40\x46\x00\x00'
    b'\x00\x00\x20\xFE\x21\xFE\x7F\x80\x7D\x80\x59\xFC\x19\xFC\x7F\x84\x7D\x84\x11\x8C\x19\xFC\x3D\x80\x37\x80\x61\x80\x41\xFE\x00\x00'
    b'\x00\x00\x30\x00\x31\xFE\x3E\x00\x7C\xFC\x48\xFC\x08\x84\x7E\x84\x7E\xFC\x18\xFC\x18\x84\x1C\xCC\x36\x48\x60\x58\x43\xFE\x00\x00'
    b'\x00\xFC\x7D\xFC\x10\x04\x30\x8C\x30\x8C\x3C\x8C\x7D\x8C\x65\xFE\x64\x02\x24\x02\x25\xFA\x34\x06\x3C\x06\x24\x3C\x00\x30\x00\x00'
    b'\x00\x00\x00\x30\x7C\x30\x31\xFE\x31\x36\x21\x34\x3D\x30\x7D\xFC\x65\xCC\x65\x4C\x25\x68\x27\x38\x3F\x38\x3E\x7C\x26\xC6\x00\x80'
    b'\x00\x00\x00\x30\x7D\x34\x31\xB6\x31\xB6\x21\xB6\x3D\xFE\x7D\xFC\x64\x30\x65\x36\x25\x36\x25\x36\x25\x36\x3D\xFE\x35\xFE\x01\x02'
    b'\x01\xFE\x7D\xFE\x30\x30\x31\xFE\x21\xB6\x3D\xB6\x7D\xFE\x65\xB6\x65\xFE\x24\xB0\x24\xA0\x3C\xE0\x3C\xF0\x23\x9E\x00\x02\x00\x00'
    b'\x00\x00\x00\xC0\x7C\xFC\x31\x98\x33\x98\x33\xFE\x3D\xB6\x7D\xB6\x65\xFE\x65\xB6\x25\xB6\x25\xFE\x3D\x36\x3F\x36\x23\x3E\x00\x00'
    b'\x00\x00\x00\x20\x7D\xFC\x11\xFE\x31\x36\x31\xFE\x3D\xB6\x7D\x26\x75\xFE\x74\x60\x34\xD8\x37\xFE\x37\xFE\x3C\x18\x34\x18\x00\x00'
    b'\x00\x00\x00\x84\x7C\xCC\x10\xCC\x31\xFE\x30\x58\x3C\x5A\x7D\x5A\x75\x5A\x75\x5E\x35\x5C\x35\x5C\x34\x58\x3C\x78\x35\xFE\x00\x00'
    b'\x00\x00\x1F\xF8\x00\x00\x00\x00\x00\x00\x7F\xFE\x01\x80\x01\x80\x19\x98\x11\x88\x31\x8C\x31\x84\x61\x86\x07\x80\x00\x00\x00\x00'
    b'\x00\x00\x10\x20\x10\x20\x7D\xFE\x0D\xFE\x0D\x26\x19\xF6\x31\xFE\x39\x26\x7F\x36\x51\xFE\x11\x36\x10\x20\x10\x20\x10\x20\x10\x20'
    b'\x00\x00\x08\x10\x7F\xFE\x3E\x7C\x1E\x78\x2A\xD6\x48\x92\x08\x10\x1F\xF8\x00\x00\x7F\xFE\x01\x80\x09\x90\x39\x9C\x73\x86\x03\x00'
    b'\x00\x00\x01\x80\x7F\xFE\x04\x60\x17\x68\x13\xC8\x16\x68\x1F\xF8\x1F\xF8\x3F\xFC\x3F\xFC\x26\x64\x26\xE4\x2F\xF4\x20\x1C\x20\x08'
    b'\x00\x00\x0E\x00\x7E\x30\x08\x20\x08\x20\x7F\x60\x7E\x60\x1C\x40\x1E\xC8\x3A\xCC\x68\x8C\x48\x84\x09\x86\x09\xFE\x09\xC2\x08\x00'
    b'\x00\x00\x0C\x30\x7C\x30\x18\x30\x19\xFE\x7D\xB6\x7D\xB6\x19\xB6\x3D\xB6\x3F\xFE\x59\xB6\x58\x30\x18\x30\x18\x30\x18\x30\x10\x00'
    b'\x00\x00\x0C\x20\x7C\x20\x18\xAC\x19\xA4\x7D\xA6\x39\x22\x1B\x22\x3F\x24\x7E\x2C\x5A\x0C\x58\x18\x18\x70\x18\xE0\x1B\x80\x10\x00'
    b'\x00\x00\x0C\x40\x7C\xC0\x18\xFE\x19\x86\x7D\x86\x7D\x34\x18\x30\x3C\xBC\x7F\xB4\x59\xB6\x59\x36\x1B\x32\x18\x32\x18\xE0\x10\x40'
    b'\x00\x00\x0C\x60\x7C\xFC\x19\xCC\x19\x0C\x7C\x78\x7C\x70\x19\xD8\x3C\x3E\x7E\xFE\x5B\xC6\x58\x6C\x18\x38\x18\x70\x1B\xC0\x10\x00'
    b'\x0C\xFC\x7D\xFC\x19\x84\x19\x84\x7D\xFC\x7C\x00\x18\x00\x3D\xFE\x7E\x30\x58\x30\x59\xFC\x18\x30\x18\x30\x1B\xFE\x10\x00\x00\x00'
    b'\x00\x00\x0C\xC0\x7C\xF8\x11\x98\x13\x18\x7D\xFC\x7C\x04\x39\xFC\x3C\x04\x7D\xFC\x50\x20\x50\xE4\x13\xD6\x12\xCE\x12\xFA\x10\x30'
    b'\x00\x00\x01\x00\x7F\xFE\x7F\xFE\x60\x06\x46\x62\x1C\x38\x30\x0C\x00\x00\x3F\xFC\x01\x80\x01\x80\x01\x80\x01\x80\x7F\xFE\x00\x00'
    b'\x00\x00\x01\x00\x7F\xFE\x7F\xFE\x62\x46\x0E\x70\x38\x1C\x21\x24\x01\x30\x7F\xFE\x7F\xFE\x06\xC0\x0E\x60\x1C\x38\x70\x0E\x00\x00'
    b'\x00\x00\x01\x80\x7F\xFE\x60\x46\x4E\x70\x39\x1C\x23\x04\x3F\xFC\x23\x04\x23\xE4\x2C\x64\x21\xC4\x27\xE4\x36\x2C\x3F\xFC\x20\x04'
    b'\x00\x00\x01\x00\x01\x80\x3F\xFE\x7F\xFE\x00\x00\x08\x18\x0C\x10\x0C\x30\x0C\x30\x04\x20\x06\x60\x06\x60\x7F\xFE\x7F\xFE\x00\x00'
    b'\x00\x00\x10\x20\x18\x20\x7E\x30\x7E\x3E\x00\x20\x66\x20\x64\x20\x25\xFE\x25\x86\x2D\x86\x2D\x86\x0F\x86\x7D\xFE\x41\xFE\x00\x84'
    b'\x00\x00\x01\x80\x3F\xFC\x0C\x30\x04\x20\x7F\xFE\x00\x00\x1F\xF8\x1F\xF8\x10\x08\x1F\xF8\x1F\xF8\x06\x42\x0C\x42\x78\x7E\x60\x00'
    b'\x00\x00\x01\x80\x3F\xFC\x0C\x30\x0C\x70\x7F\xFE\x00\x00\x1F\xF8\x10\x08\x1F\xF8\x10\x08\x1F\xF8\x06\x62\x0C\x62\x78\x7E\x00\x00'
    b'\x00\x00\x20\x20\x31\x26\x79\x26\x7D\xFE\x00\x00\x4B\xFE\x4B\xFE\x68\x60\x6B\xFE\x2B\x5E\x3B\x52\x1F\x52\x7B\x52\x43\x5E\x00\x04'
    b'\x00\x00\x30\x60\x3F\x7E\x7F\xD8\x64\x88\x04\x18\x3F\xF0\x01\x00\x07\xFC\x3F\x80\x01\xBE\x3F\xF8\x79\x02\x01\x86\x01\xFE\x00\x00'
    b'\x00\x00\x10\x60\x3F\x7E\x3F\xFE\x64\xC8\x40\x80\x18\x08\x13\xFE\x37\xFE\x70\x08\x51\x08\x11\x88\x10\xC8\x10\x08\x10\x78\x10\x30'
    b'\x00\x00\x10\x60\x3F\x7E\x6C\xD8\x04\x08\x3F\xFC\x01\x8C\x01\x8C\x3F\xFC\x31\x80\x3F\xFC\x3F\xFE\x0F\x86\x39\xBC\x71\xBC\x00\x80'
    b'\x00\x00\x30\x60\x3F\x7E\x6C\xD8\x6C\x18\x01\x80\x1F\xF8\x01\x80\x7F\xFE\x00\x30\x00\x38\x3F\xFC\x08\x10\x0C\x10\x04\xF0\x00\xE0'
    b'\x00\x00\x10\x60\x3F\x7E\x7E\xD8\x64\x88\x03\xC0\x06\x60\x1C\x38\x7F\xFE\x00\x02\x1F\xF8\x1F\xF8\x10\x08\x18\x18\x1F\xF8\x10\x08'
    b'\x00\x00\x30\x60\x3F\x7E\x6C\xD8\x4C\x98\x0D\x98\x7F\xFE\x01\x80\x3F\xFC\x31\x8C\x31\x8C\x33\xDC\x0F\xB0\x39\x9C\x71\x86\x01\x80'
    b'\x00\x00\x30\x60\x3F\x7E\x6C\xD8\x44\x08\x19\xFC\x09\xFC\x20\x04\x27\xE4\x24\x24\x27\xE4\x26\x64\x26\x64\x27\xE4\x20\x1C\x20\x18'
    b'\x00\x00\x10\x60\x3F\x7E\x64\xD8\x3F\xF8\x1F\xF8\x1F\xF8\x10\x08\x1F\xF8\x10\x08\x1F\xF8\x04\x30\x7F\xFE\x0C\x30\x38\x30\x00\x20'
    b'\x00\x00\x30\x60\x3F\x7E\x6C\xD8\x05\x88\x7F\xFE\x60\x06\x7F\xFE\x18\x18\x1F\xF8\x1F\xF0\x1F\xF8\x1F\xF8\x18\x08\x1F\xF8\x08\x08'
    b'\x00\x00\x10\x60\x3F\x7E\x6C\xD8\x44\x88\x08\x00\x18\xFC\x7E\x84\x18\xFC\x1C\xFC\x3E\x84\x6A\xFC\x48\x84\x08\x84\x08\xFC\x08\x84'
    b'\x00\x00\x11\x88\x19\x90\x09\x90\x7F\xFE\x07\xC0\x0D\xF0\x39\x9C\x20\x04\x01\x80\x7F\xFE\x03\xC0\x06\x60\x1C\x38\x78\x1E\x00\x00'
    b'\x00\x00\x10\x20\x57\xFE\x55\xFE\x54\xCC\x14\xCC\x7C\xCC\x7D\xFE\x19\x12\x38\x30\x3D\xFE\x51\xFE\x50\x30\x10\x30\x10\x30\x10\x20'
    b'\x00\x00\x10\x30\x55\xFE\x54\x30\x55\xFE\x14\x30\x7D\xFE\x7C\x00\x19\xFE\x3D\x86\x7D\xFE\x51\x86\x51\xFE\x11\x86\x11\x8C\x10\x88'
    b'\x00\x3C\x3F\xF8\x03\x00\x06\x30\x1F\xE0\x1F\x80\x03\x10\x0E\x18\x3F\xFC\x01\x84\x09\xB0\x19\x98\x31\x8C\x67\x86\x03\x00\x00\x00'
    b'\x00\x00\x01\x80\x3F\xFC\x01\x80\x3F\xFC\x01\x80\x7F\xFE\x06\x20\x1C\x60\x1F\x90\x0E\x18\x3F\xFC\x01\x80\x1D\xB8\x73\x86\x03\x00'
    b'\x00\x00\x01\x80\x3F\xFC\x01\x80\x01\x80\x7F\xFE\x63\x06\x4C\x62\x0F\xC0\x03\x10\x1F\xF8\x1F\x8C\x0D\xA0\x39\xB8\x73\x86\x03\x00'
    b'\x00\x00\x05\xFC\x25\xFC\x24\xCC\x24\x78\x25\xFC\x05\x0C\x07\x00\x1E\xF0\x1F\xD8\x0E\x1C\x3F\xFE\x01\x80\x1D\xB8\x73\x8E\x03\x00'
    b'\x1F\xF8\x3F\xFC\x31\x8C\x3F\xFC\x31\x8C\x3F\xFC\x06\x00\x1F\xF0\x1F\xD8\x0E\x1C\x3F\xFE\x01\x80\x1D\xB8\x73\x8E\x03\x00\x00\x00'
    b'\x00\x00\x18\x00\x19\xFE\x30\x30\x36\x30\x64\x30\x7C\x30\x58\x30\x10\x30\x30\x30\x7C\x30\x70\x30\x00\x30\x3C\x30\x71\xFE\x00\x00'
    b'\x00\x00\x10\x40\x10\xC0\x30\xFE\x24\xFE\x6D\x86\x7F\x06\x58\x06\x10\xC6\x34\x66\x7C\x36\x60\x26\x00\x06\x7E\x06\x70\x3C\x00\x38'
    b'\x00\x00\x19\xF8\x13\xFC\x30\x88\x24\x88\x6C\x98\x78\xDE\x18\xC6\x31\xC4\x3D\xEC\x7D\x2C\x03\x38\x0B\x38\x7E\x7C\x46\xC6\x00\x00'
    b'\x00\x00\x11\xFC\x11\xFC\x30\x04\x24\x04\x6C\x04\x7C\x0C\x59\xFC\x11\x80\x35\x80\x7D\x80\x61\x82\x01\x82\x7F\x86\x70\xFE\x00\x00'
    b'\x00\x00\x10\x20\x10\x70\x33\xFE\x24\x20\x6D\x24\x79\x24\x59\x24\x11\x24\x35\xFC\x7D\xFC\x60\x20\x04\x22\x7C\x22\x70\x3E\x00\x00'
    b'\x00\x00\x10\x58\x10\x4C\x30\x40\x24\xFC\x6D\xE0\x78\x40\x18\x7E\x13\xF8\x34\x64\x7C\x6C\x60\x38\x00\x32\x3C\xFE\x71\x8E\x00\x00'
    b'\x00\x00\x10\x60\x30\x60\x33\xFE\x24\xC0\x6F\xE0\x7B\xF0\x59\xB0\x11\xFE\x35\xFE\x7C\x30\x61\xB4\x05\x36\x7F\x32\x62\xF2\x00\x40'
    b'\x00\x00\x18\x00\x19\xFC\x31\x84\x27\x84\x6D\x8C\x7D\xFC\x19\x84\x11\x84\x35\x8C\x7D\xFC\x01\x84\x0D\x84\x7D\x8C\x63\xFE\x00\x00'
    b'\x00\x00\x10\x00\x33\xFE\x33\x76\x2B\x26\x6B\x26\x7B\x26\x13\x36\x33\xFE\x23\x26\x7F\x26\x63\x26\x03\x26\x7F\xFE\x63\xFE\x00\x02'
    b'\x00\x00\x10\xC0\x30\xFC\x31\xFC\x2D\x8C\x6B\xD8\x78\x70\x10\x78\x31\xCE\x2B\x02\x78\x70\x40\x18\x05\x80\x7D\xF0\x70\x1C\x00\x00'
    b'\x00\x00\x11\xF8\x11\xFC\x30\x08\x24\x18\x6C\x78\x78\xEC\x1B\x86\x10\x00\x35\xFC\x7D\xFC\x60\x20\x04\x20\x3C\x30\x63\xFE\x00\x00'
    b'\x00\x00\x31\x9E\x31\x9E\x27\xD6\x29\x94\x69\x94\x7B\xDC\x51\x94\x31\x94\x2B\xF6\x7B\xF2\x41\x12\x0B\x1E\x7E\x10\x66\x10\x00\x10'
    b'\x00\x00\x18\x30\x10\x30\x33\xFE\x24\x30\x6C\x30\x79\xFE\x19\xFE\x10\x00\x35\xFC\x7D\x84\x61\x84\x01\x84\x3D\x84\x71\xFC\x00\x04'
    b'\x00\x00\x10\x30\x30\x70\x30\xD8\x25\x8C\x6F\x06\x78\xFC\x58\x00\x30\x00\x23\xFE\x79\xFE\x60\xC8\x04\x8C\x7D\x9C\x61\xFE\x00\x00'
    b'\x00\x00\x18\x30\x10\x70\x30\xD8\x25\x8C\x6F\x86\x7A\xFA\x58\x00\x10\x00\x35\xFC\x7D\x8C\x61\x84\x01\x84\x7D\xFC\x71\xFC\x00\x00'
    b'\x00\x00\x18\x40\x10\xFC\x31\xFC\x27\xC8\x6F\x78\x78\x70\x18\xF8\x13\x8E\x37\x86\x7D\xFC\x61\x84\x01\x84\x3D\x8C\x71\xFC\x00\x04'
    b'\x00\x00\x10\xC0\x30\xF8\x31\xF8\x29\x18\x6F\xFC\x7B\xFC\x11\x24\x31\x24\x21\xFC\x7D\xFC\x61\x00\x05\x02\x7D\x06\x61\xFE\x00\x00'
    b'\x00\x00\x18\x60\x13\xFC\x33\xFE\x24\xC8\x6D\x88\x79\xFC\x1B\xF6\x10\x10\x34\x90\x7C\x90\x41\x90\x0D\x92\x7B\x12\x66\x1E\x00\x00'
    b'\x00\x00\x11\x10\x13\x52\x33\x56\x27\x5C\x6F\x18\x7B\x7E\x1B\x38\x13\x38\x37\x5C\x7F\x52\x63\x10\x07\x10\x7F\x00\x63\xFE\x00\x00'
    b'\x00\x00\x10\x30\x31\xFE\x30\x30\x27\xFE\x6D\xFE\x78\xB6\x18\xF4\x33\x30\x39\xB0\x7B\xFE\x00\x70\x0C\x70\x78\xDC\x63\x86\x00\x00'
    b'\x00\x00\x10\x90\x10\x90\x31\xFE\x25\xFE\x6F\x98\x7B\x98\x1B\xFE\x11\x98\x35\x98\x7D\xFE\x61\x98\x05\x98\x7D\xFE\x71\xFE\x00\x00'
    b'\x00\x00\x11\xF8\x31\xFC\x30\x0C\x25\xFC\x6C\x0C\x7B\xFE\x1B\xFE\x30\x24\x3F\x34\x78\xF8\x00\xEC\x0B\x26\x7E\x22\x40\xE0\x00\x40'
    b'\x00\x00\x13\xDE\x33\xDE\x32\xD6\x2F\x9C\x69\x8C\x7B\xDE\x52\x10\x33\xDE\x23\xDE\x7A\x56\x61\xDC\x01\xDC\x7F\xDC\x66\x36\x00\x00'
    b'\x00\x00\x10\x1E\x13\xFC\x31\x24\x21\xA4\x6D\xFE\x79\xFE\x58\xC0\x33\xFE\x34\x80\x7D\xFC\x01\xCC\x0F\x78\x7E\x38\x46\xEE\x00\x00'
    b'\x00\x00\x10\x60\x31\xFC\x33\xFE\x27\x06\x6F\xFE\x7B\xFE\x13\x00\x33\xFE\x2B\xBA\x7B\xAA\x03\xFE\x0F\xFE\x7D\xAA\x4D\xAE\x00\x04'
    b'\x00\x00\x10\x20\x36\x7C\x22\xCC\x20\x78\x48\xFE\x7F\x82\x12\x7C\x32\x7C\x22\x7C\x7A\x38\x42\xFE\x0A\x30\x7F\x00\x44\xFE\x00\x00'
    b'\x00\x00\x10\x20\x33\xFE\x23\x00\x2E\xFC\x4A\xF6\x7A\xF6\x12\xFE\x32\x96\x22\xFE\x7E\x30\x42\xFC\x06\xFC\x7E\x30\x65\xFE\x00\x00'
    b'\x00\x00\x10\x60\x33\xFE\x32\x06\x27\x86\x6D\xFE\x79\x18\x5B\x7E\x17\x66\x27\x66\x79\x7E\x61\x7E\x05\x66\x7D\x7E\x71\x7E\x00\x00'
    b'\x00\x00\x20\x30\x30\x30\x7E\xFC\x48\x7C\x48\x34\x7E\x34\x7F\x36\x08\xFE\x6A\x30\x6A\x38\x6A\x68\x6A\x4C\x7E\xC6\x73\x86\x00\x00'
    b'\x00\x00\x20\xC8\x23\xFE\x7C\x48\x59\xFE\x51\x72\x19\xDE\x7E\xD0\x10\xFE\x55\x98\x57\xFE\x56\x98\x54\xFE\x7C\x98\x7C\xFE\x00\x80'
    b'\x3F\xFC\x7F\xFE\x60\x06\x62\x16\x72\x96\x7E\xF6\x6E\x66\x66\x66\x66\x76\x6F\x76\x69\xDE\x78\xC6\x60\x86\x60\x1C\x20\x08\x00\x00'
    b'\x00\x00\x3F\xFC\x26\x64\x26\x64\x3F\xFC\x06\x00\x06\x00\x0F\xF8\x18\x18\x70\x10\x23\x30\x01\xE0\x03\x80\x7E\x00\x20\x00\x00\x00'
    b'\x3F\xFC\x3F\xFC\x36\x6C\x3F\xFC\x7F\xFE\x01\x80\x1F\xF8\x18\x18\x1F\xF8\x18\x18\x1F\xF8\x1F\xF8\x18\x18\x7F\xFE\x00\x00\x00\x00'
    b'\x00\x00\x3E\x44\x3E\x6C\x12\x2C\x7F\xFE\x7F\x18\x12\x10\x7E\x7C\x30\x7C\x30\x10\x3E\x18\x72\xFE\x52\x10\x1E\x10\x1E\x10\x10\x10'
    b'\x00\x00\x0E\x00\x7C\xEE\x0A\x22\x2A\xBA\x7F\xBA\x3E\xEA\x2B\x6A\x49\x26\x7F\x66\x2B\xFE\x3F\xAA\x2F\x22\x2B\x22\x3F\x6E\x20\x00'
    b'\x00\x00\x03\x00\x03\x04\x3F\xFC\x03\x18\x03\x30\x7F\xFE\x01\xC0\x03\x80\x0E\x04\x7C\xFC\x67\xC0\x04\x06\x04\x06\x07\xFC\x00\x00'
    b'\x00\x00\x01\x04\x1F\xEC\x1F\xF8\x01\x30\x7F\xFE\x3F\xFE\x07\x80\x1F\xFC\x7C\x00\x4C\x00\x0F\xF8\x00\x08\x00\x08\x00\xF8\x00\x00'
    b'\x00\x00\x01\x00\x1F\xE6\x3F\xFC\x01\x18\x7F\xFE\x7F\xFE\x03\x80\x0F\xF8\x7F\xF8\x48\x08\x0F\xF8\x08\x08\x08\x08\x0F\xF8\x08\x08'
    b'\x00\x00\x7F\xFE\x01\x80\x01\x00\x3F\xFC\x3F\xFC\x26\x64\x26\x64\x26\x64\x26\x64\x26\x64\x26\x64\x26\x64\x26\x7C\x20\x08\x00\x00'
    b'\x00\x00\x18\x0C\x7F\xF8\x7D\xE0\x18\x20\x7C\x7C\x19\xF8\x18\x20\x7E\x22\x18\x7E\x39\xE0\x3E\x20\x58\x22\x58\x22\x18\x3E\x10\x00'
    b'\x00\x00\x11\xFC\x7D\xFC\x7D\x24\x11\xFC\x7D\xA4\x11\xB4\x39\xFC\x7C\x20\x31\xFE\x39\x22\x7F\x2A\x51\xFE\x11\x06\x11\x0E\x11\x04'
    b'\x00\x00\x7E\x84\x7E\xCC\x24\x48\x25\xFE\x3C\xFE\x24\x30\x24\x30\x3D\xFE\x3D\xFE\x24\x30\x26\x68\x7E\x4C\x64\xC4\x05\x86\x04\x00'
    b'\x3C\x78\x3E\xFC\x26\xCC\x26\xCC\x3E\x8E\x3F\x86\x26\x00\x27\xFC\x3E\xC4\x26\x4C\x66\x78\x66\x38\x46\x7C\x4F\xCE\x08\x00\x00\x00'
    b'\x00\x00\x02\x40\x3E\x7C\x3E\x60\x06\x42\x7E\x7E\x72\x3C\x1F\xF8\x1F\xF8\x18\x18\x1F\xF8\x18\x08\x1F\xF8\x18\x08\x18\x38\x10\x30'
    b'\x00\x00\x3C\x30\x3C\xB0\x25\xB0\x25\xFE\x3D\xB0\x3F\x30\x27\x30\x24\x30\x7D\xFE\x64\x30\x64\x30\x64\x30\x44\x30\x4D\xFE\x08\x00'
    b'\x00\x00\x18\x60\x12\x6E\x33\x7C\x7F\x60\x79\x62\x3E\x66\x3F\x3C\x23\x00\x3F\x60\x23\x7E\x3F\x60\x3F\x62\x23\x62\x27\x7E\x24\x00'
    b'\x00\x00\x3C\x20\x7C\x30\x65\xFE\x64\x00\x7C\x48\x7D\xFE\x65\xB6\x65\xB6\x7D\xB6\x6D\xBE\x65\xEE\x65\xC6\x45\x86\x5D\xFE\x08\x00'
    b'\x38\x80\x78\x9E\x6B\xD2\x6B\xD2\x78\x92\x78\x92\x6F\xD2\x6F\xD2\x79\x12\x69\x52\x6B\x52\x4B\x5E\x4F\xFC\x58\x30\x10\x10\x00\x00'
    b'\x00\x00\x3C\x8C\x3C\xC8\x24\x58\x25\xFC\x3D\xFC\x3D\x04\x25\x04\x25\xFC\x7D\xFC\x6C\x58\x64\xD8\x64\x9A\x45\x9A\x5F\x1E\x08\x00'
    b'\x3F\x7C\x6C\x7C\x7E\x6C\x63\x3C\x7F\x38\x6C\x7C\x7F\xC6\x00\x00\x1F\xF8\x18\x08\x1F\xF8\x1F\xF8\x1F\xF8\x10\x38\x10\x30\x00\x00'
    b'\x00\x00\x01\x80\x3F\xFE\x22\x08\x26\xFE\x3E\xFE\x3E\xC8\x26\x58\x24\x50\x2F\xFC\x2C\xC4\x6F\xB4\x6C\x54\x4C\xC4\x4F\xBC\x04\x0C'
    b'\x3C\xFC\x3D\xFE\x25\x86\x25\xFE\x3D\x86\x3D\xFE\x24\x10\x25\xB0\x3D\xFE\x27\x30\x67\xFC\x64\xFC\x64\x30\x4F\xFE\x08\x00\x00\x00'
    b'\x00\x00\x3C\x20\x7D\xFE\x65\x86\x65\xFE\x7D\xFE\x7D\x86\x65\xFE\x64\x30\x7D\xF6\x6D\xFC\x64\xB8\x65\xBC\x47\x36\x5E\x72\x08\x60'
    b'\x00\x00\x03\x00\x03\x00\x3F\xF8\x30\x08\x30\x08\x3F\xF8\x3F\xF8\x30\x08\x30\x08\x3F\xF8\x30\x08\x30\x08\x3F\xF8\x3F\xF8\x10\x08'
    b'\x00\x00\x03\x00\x1F\xF8\x18\x08\x1F\xF8\x18\x08\x1F\xF8\x18\x08\x1F\xF8\x00\x90\x3F\xFC\x7F\xFE\x03\xC0\x0E\x30\x78\x1E\x40\x02'
    b'\x00\x00\x7F\xFE\x06\x00\x0C\x30\x18\x18\x3F\xFC\x3F\x0C\x01\x80\x01\x80\x3F\xFC\x01\x80\x01\x80\x01\x80\x7F\xFE\x00\x00\x00\x00'
    b'\x00\x00\x7E\x60\x7F\x60\x10\x7E\x36\x7E\x26\x44\x7E\xCC\x01\xEC\x18\xA8\x3E\x38\x7E\x18\x18\x18\x18\x38\x1E\x6C\x78\xC6\x00\x80'
    b'\x00\x00\x01\x80\x07\xE0\x0C\x30\x3C\x3C\x7F\xFE\x01\x80\x3F\xFC\x3F\xFC\x01\x80\x1F\xF8\x1F\xF8\x10\x08\x18\x18\x1F\xF8\x10\x08'
    b'\x00\x00\x08\x00\x3E\xFC\x3E\xCC\x22\xCC\x2A\xCC\x2F\x8E\x66\x82\x7E\x00\x26\xFC\x7A\xC4\x6A\xC4\x6E\xC4\x42\xFC\x4E\xFC\x04\x84'
    b'\x00\x00\x06\x00\x0F\xF0\x1F\xF0\x30\x60\x7F\xFC\x3F\xFC\x10\x8C\x10\x8C\x1F\xFC\x1F\xFC\x10\x00\x10\x02\x10\x06\x1F\xFC\x00\x00'
    b'\x00\x00\x04\x20\x7F\xFE\x7F\xFE\x04\x20\x00\x00\x3F\xFC\x03\x0C\x03\x0C\x03\x0C\x03\x0C\x03\x18\x03\x38\x03\x00\x03\x00\x02\x00'
    b'\x00\x00\x0C\x30\x7F\xFE\x7F\xFE\x0C\x30\x08\x40\x0C\xC4\x18\xCC\x38\xD8\x78\xF0\x79\xC0\x1B\xC0\x18\xC2\x18\xC6\x18\x7E\x18\x00'
    b'\x00\x00\x04\x20\x7F\xFE\x7F\xFE\x04\x20\x03\x00\x7F\xFE\x7F\xFE\x0C\x00\x1F\xF8\x3F\xF8\x6C\x08\x0C\x08\x0F\xF8\x0F\xF8\x00\x00'
    b'\x00\x00\x04\x20\x7F\xFE\x7F\xFE\x04\x20\x01\x80\x1F\xF8\x11\x88\x11\x88\x11\x88\x7F\xFE\x03\xC0\x06\x60\x1C\x38\x78\x0E\x00\x02'
    b'\x00\x00\x04\x20\x7F\xFE\x7F\xFE\x04\x20\x31\xFC\x19\xFC\x09\x0C\x71\x0C\x11\x0C\x01\x3C\x19\x00\x19\x06\x31\x06\x21\xFE\x20\x00'
    b'\x00\x00\x0C\x30\x7F\xFE\x0C\x30\x01\x80\x7F\xFC\x38\x00\x10\x00\x1F\xF8\x1F\xF8\x09\x90\x09\x90\x19\x92\x11\x92\x71\x9E\x00\x00'
    b'\x00\x00\x04\x20\x7F\xFE\x0E\x70\x0C\x20\x18\x40\x30\xFC\x26\xC6\x7D\x86\x19\x04\x10\x44\x3E\x24\x20\x24\x06\x04\x7E\x3C\x00\x38'
    b'\x00\x00\x04\x20\x7F\xFE\x0C\x30\x04\x20\x2C\x2C\x3C\x24\x39\xFE\x69\xFE\x0C\x30\x1C\x70\x74\x58\x04\xC8\x0D\x8C\x3D\x06\x10\x00'
    b'\x00\x00\x0C\x30\x7F\xFE\x0C\x30\x00\x78\x3F\xF8\x01\x08\x11\x98\x18\x10\x01\x80\x7F\xFE\x07\xE0\x0D\xB0\x39\x9C\x61\x86\x00\x00'
    b'\x00\x00\x0C\x30\x7F\xFE\x0C\x30\x20\x80\x39\xFC\x03\x98\x07\xF0\x70\xF0\x13\xFC\x07\x0E\x13\xFC\x33\x0C\x63\x0C\x63\xFC\x02\x08'
    b'\x00\x00\x0C\x30\x7F\xFE\x0C\x30\x04\x00\x24\x60\x24\xFE\x25\x80\x25\x18\x04\x08\x1F\xF8\x3F\xFC\x32\x4C\x32\x4C\x7F\xFE\x00\x00'
    b'\x00\x00\x0C\x30\x7F\xFE\x0C\xB0\x11\x88\x2B\xD4\x7A\x7C\x3B\xDC\x3E\x5C\x3F\xFE\x05\x80\x7F\xFE\x07\xE0\x3D\x9C\x71\x8E\x00\x00'
    b'\x00\x00\x01\x80\x01\xF8\x01\x80\x3F\xFE\x23\x04\x2F\xF4\x2F\x04\x21\xFC\x20\x00\x29\x24\x2D\x2C\x65\x28\x61\x20\x5F\xFE\x00\x00'
    b'\x00\x00\x1F\xF8\x18\x18\x18\x18\x1F\xF8\x01\x80\x3F\xFC\x3F\xFC\x31\x84\x31\x8C\x3F\xFC\x01\x8C\x01\xFC\x7F\xFE\x00\x00\x00\x00'
    b'\x00\x00\x18\x20\x18\x30\x19\xFE\x7F\x86\x5B\x82\x5A\xC0\x5A\xC4\x5A\xDC\x7E\xF0\x18\xC0\x1A\xC0\x1A\xC2\x1E\xC6\x73\x7E\x00\x00'
    b'\x00\x00\x7F\x10\x7F\x10\x00\x18\x3F\x7E\x23\x56\x3F\x56\x00\x56\x7F\x56\x41\x7E\x55\x18\x5D\x14\x7D\x16\x49\x1E\x4F\x7E\x42\x00'
    b'\x01\x00\x03\x00\x3F\xFC\x3F\xFC\x32\x4C\x32\x4C\x32\x4C\x32\x4C\x32\x4C\x32\x4C\x32\x4C\x32\x4C\x36\x6C\x7F\xFE\x00\x00\x00\x00'
    b'\x08\x00\x19\xFE\x30\x00\x60\x00\x4C\x00\x1B\xFE\x18\x18\x70\x18\x70\x18\x10\x18\x10\x18\x10\x18\x10\x18\x10\x78\x10\x60\x00\x00'
    b'\x00\x00\x1B\x00\x13\x1E\x33\xC0\x66\x00\x5C\x00\x1B\xDE\x31\x8C\x71\x84\x77\xC4\x11\x84\x11\x04\x11\x04\x11\xC4\x11\x9C\x10\x00'
    b'\x00\x00\x11\x00\x31\x1E\x27\xE0\x41\x80\x59\x00\x1F\xFE\x37\xE4\x71\x04\x71\x84\x37\xE4\x31\x04\x31\xA4\x37\xE4\x34\x1C\x00\x18'
    b'\x00\x00\x13\x00\x33\xCE\x26\xC0\x67\xE0\x55\xA0\x17\xFE\x37\xE6\x75\xA4\x77\xE4\x31\x84\x3F\xF4\x33\x84\x33\xC4\x36\x6C\x20\x08'
    b'\x00\x00\x10\x20\x18\x20\x7C\x20\x7C\x20\x04\x20\x0C\x20\x1A\x38\x3E\x2C\x7E\x26\x5A\x20\x18\x20\x18\x20\x18\x20\x18\x20\x10\x20'
    b'\x00\x00\x01\x80\x3F\xFC\x3F\xFC\x01\x80\x1F\xF8\x01\x80\x7F\xFE\x7F\xFE\x06\xC0\x1C\x4C\x78\x70\x68\x30\x0F\x9C\x0F\x0E\x00\x00'
    b'\x00\x00\x30\x20\x30\x30\x7B\xFE\x7B\x36\x0B\x24\x1B\x20\x37\xFC\x3F\xCC\x7B\x4C\x77\x6C\x32\x38\x32\x38\x36\x7C\x35\xC6\x10\x00'
    b'\x00\x00\x0C\x28\x3F\xAC\x0C\x24\x0C\x20\x7F\xFE\x0C\x30\x0C\x24\x7F\xAC\x18\xBC\x3F\xB8\x7B\x18\x59\xB2\x1E\x7A\x1C\xCE\x00\x00'
    b'\x00\x00\x04\x30\x74\x30\x35\xFE\x04\x30\x1C\x30\x7D\xFE\x04\x80\x01\x80\x7F\xFE\x07\xCC\x0E\x4C\x7C\x38\x6C\x98\x0F\x8E\x08\x00'
    b'\x00\x00\x31\xFC\x31\xFC\x79\x24\x79\xFC\x09\x24\x19\xF4\x35\xFC\x3C\x20\x7F\xFE\x74\xF8\x30\xA8\x31\xAC\x33\x26\x32\x22\x10\x20'
    b'\x7F\xFE\x7F\xFE\x06\x40\x06\x40\x3F\xFC\x36\x6C\x26\x44\x26\x44\x24\x64\x2C\x7C\x38\x04\x20\x04\x30\x0C\x3F\xFC\x20\x04\x00\x00'
    b'\x7F\xFE\x7F\xFE\x06\x60\x3F\xFC\x26\x64\x26\x64\x3F\xFC\x02\x00\x7F\xFE\x7F\xFE\x0C\x30\x0F\xE0\x03\xF0\x7E\x1E\x20\x04\x00\x00'
    b'\x7F\xFE\x06\x60\x3F\xFC\x36\x6C\x3F\xFC\x1B\xFC\x37\x00\x67\xFC\x1B\xFC\x33\xFC\x71\x80\x13\xFC\x11\xD8\x17\xFE\x12\x06\x00\x00'
    b'\x1F\xF0\x1F\xF8\x18\x18\x19\x18\x19\x18\x19\x18\x19\x18\x19\x18\x19\x98\x03\xC0\x02\xC0\x06\xC6\x1C\xC6\x70\xFC\x00\x00\x00\x00'
    b'\x00\x00\x18\xFC\x19\xFC\x7F\x84\x19\xB4\x19\xB4\x19\xB4\x7F\xA4\x19\xA4\x19\xA4\x1C\x30\x16\x70\x32\xD2\x21\x92\x63\x1E\x00\x00'
    b'\x00\x00\x10\xFC\x19\xFC\x7D\x84\x0D\xA4\x0D\xA4\x19\xA4\x19\xA4\x3D\xA4\x7F\xA4\x50\x70\x10\x70\x10\xD2\x11\x92\x13\x1E\x12\x00'
    b'\x00\x00\x04\x60\x24\x7E\x24\xD0\x25\x90\x24\x0C\x00\x00\x1F\xF0\x18\x10\x19\x10\x19\x90\x19\xD0\x03\xC2\x0E\xC6\x7C\x7E\x20\x00'
    b'\x00\x00\x11\x08\x11\x98\x19\xB0\x7F\xFE\x60\x06\x60\x06\x0F\xF0\x08\x10\x09\x10\x09\x90\x09\xD0\x03\xC2\x06\xC6\x3C\x7E\x20\x00'
    b'\x00\x00\x06\x00\x0F\xF0\x18\x70\x38\x60\x7F\xFC\x11\x84\x11\x84\x1F\xFC\x11\x84\x31\x84\x3F\xFC\x30\x84\x20\x84\x60\xBC\x00\x18'
    b'\x00\x00\x10\x00\x3E\xFE\x24\x26\x6C\x66\x7F\xDC\x6B\x08\x6B\x58\x7F\x7E\x6B\xFE\x6B\x98\x7F\xFE\x6B\xFE\x4B\x18\x4E\x18\x00\x08'
    b'\x00\x00\x10\x10\x3E\x10\x66\x18\x6C\xFE\x7F\xD6\x6B\xD6\x7B\xD6\x7F\xD6\x6B\xFE\x6B\x18\x7F\x14\x4B\x16\x4B\x1E\x4F\xFA\x00\x00'
    b'\x00\x00\x01\x80\x01\x80\x7F\xFE\x00\x00\x1F\xF8\x1F\xF8\x00\x00\x1F\xF8\x00\x00\x1F\xF8\x3F\xFC\x30\x0C\x30\x0C\x3F\xFC\x10\x08'
    b'\x00\x00\x3F\x20\x3F\x7E\x3F\x6C\x63\xF8\x7D\x38\x3F\x7E\x03\x80\x7F\xFE\x00\x00\x1F\xF8\x1F\xF8\x00\x00\x3F\xFC\x3F\xFC\x10\x0C'
    b'\x00\x00\x20\x20\x30\x20\x18\x20\x00\x20\x00\x70\x73\xFE\x10\x20\x10\x20\x10\x20\x10\x20\x14\x20\x1C\x20\x18\x20\x10\x20\x00\x20'
    b'\x20\x20\x30\x20\x18\x20\x00\x20\x00\x20\x70\x70\x10\x70\x10\x70\x10\x58\x10\xC8\x14\xCC\x1D\x84\x1B\x86\x13\x02\x00\x00\x00\x00'
    b'\x00\x00\x20\x60\x30\x60\x18\x60\x00\x60\x00\x60\x70\x7E\x10\x60\x10\x60\x10\x60\x10\x60\x14\x60\x1C\x60\x18\x60\x13\xFE\x00\x00'
    b'\x00\x00\x20\xC0\x30\x64\x1B\x64\x03\x2C\x01\x0C\x71\x8C\x11\x98\x10\xD8\x10\x70\x10\x70\x14\x70\x1C\xF8\x19\x8C\x17\x06\x00\x00'
    b'\x20\x00\x31\xFC\x18\x04\x00\x04\x00\x04\x71\xFC\x11\xFC\x11\x80\x11\x80\x11\x80\x11\x82\x1D\x82\x19\x86\x10\xFE\x00\x00\x00\x00'
    b'\x00\x00\x21\x80\x31\x80\x19\xFE\x03\x30\x06\x30\x70\x30\x10\x30\x13\xFE\x10\x30\x10\x30\x14\x30\x1C\x30\x18\x30\x10\x30\x00\x20'
    b'\x00\x00\x20\x60\x30\x70\x18\x98\x01\x8C\x03\x06\x76\x02\x11\x88\x11\xB8\x11\xE0\x11\x80\x15\x80\x1D\x82\x19\x86\x10\xFE\x00\x00'
    b'\x20\xF8\x31\xF8\x19\x88\x01\x88\x03\x0E\x72\x06\x10\x00\x13\xFC\x11\x8C\x10\xC8\x14\x78\x1C\x70\x18\xF8\x13\x8E\x02\x02\x00\x00'
    b'\x20\x00\x33\xFE\x18\x30\x00\x30\x01\x30\x71\xB0\x11\xBE\x11\xBC\x11\xB0\x11\xB0\x15\xB0\x1D\xB0\x19\xB0\x13\xFE\x00\x00\x00\x00'
    b'\x20\x00\x33\xFE\x18\x20\x03\x24\x01\x24\x71\xAC\x11\xA8\x10\x30\x13\xFE\x10\x20\x14\x20\x1C\x20\x18\x20\x10\x20\x00\x20\x00\x00'
    b'\x20\x00\x31\xFE\x19\x06\x01\x06\x01\x06\x71\x06\x11\x06\x11\xFE\x11\xFC\x10\x08\x14\xCC\x1D\x8C\x19\x86\x13\x02\x00\x00\x00\x00'
    b'\x23\xFC\x33\xFE\x18\x06\x01\xF6\x03\xF6\x70\x06\x11\xF6\x11\xF6\x11\x16\x11\x16\x11\xF6\x1D\xF6\x18\x06\x10\x1E\x00\x18\x00\x00'
    b'\x21\xFC\x31\xFC\x18\x8C\x00\xD8\x00\x70\x73\xDE\x12\x22\x10\x20\x11\xFC\x10\x20\x14\x70\x1F\xFE\x18\x20\x10\x20\x00\x20\x00\x00'
    b'\x00\x00\x20\x34\x30\x36\x18\x34\x03\xFE\x00\x10\x70\x10\x13\xD0\x13\xD0\x11\x90\x11\x90\x11\x9A\x1D\xFA\x1B\xCA\x10\x0E\x00\x00'
    b'\x00\x00\x21\x80\x31\x80\x19\xFE\x03\x06\x07\x06\x73\xF6\x11\x36\x11\x36\x11\xF6\x11\x36\x15\x36\x1D\xF6\x18\x06\x10\x1C\x00\x10'
    b'\x00\x00\x20\x20\x30\x70\x1B\xFE\x00\x40\x00\xC8\x71\x98\x13\xF0\x10\x76\x10\xE4\x13\x8C\x14\x18\x1C\x78\x19\xC4\x13\x86\x00\x00'
    b'\x00\x00\x21\x8C\x30\x88\x18\xD8\x03\xFE\x00\x20\x70\x20\x11\xFC\x10\x70\x10\x20\x10\x30\x13\xFE\x18\x20\x18\x20\x10\x20\x00\x20'
    b'\x21\xFC\x31\xFC\x19\x04\x01\x04\x01\xFC\x70\x00\x13\xFE\x10\x60\x10\x60\x13\xFE\x10\x70\x1C\xD8\x19\x8C\x13\x06\x00\x00\x00\x00'
    b'\x00\x00\x21\x0C\x31\x88\x18\x98\x03\xFC\x03\xFC\x73\x04\x13\x04\x13\xFC\x11\xFC\x10\x90\x14\x90\x1D\x92\x1B\x12\x16\x1E\x00\x00'
    b'\x00\x00\x20\x20\x33\xFE\x18\x20\x01\xFC\x00\x20\x77\xFE\x10\x00\x11\xFC\x11\x04\x11\xFC\x11\x04\x1D\xFC\x19\x04\x11\x1C\x01\x08'
    b'\x00\x00\x20\x20\x33\xFE\x18\x20\x03\xFE\x03\xFE\x71\xB6\x10\xF4\x13\x30\x11\xB0\x13\xFE\x10\x70\x1C\x70\x18\xDC\x13\x86\x02\x00'
    b'\x00\x00\x20\xB0\x31\x90\x19\xB8\x03\xFE\x03\x10\x77\x18\x15\xFE\x11\x10\x11\x10\x11\xFE\x11\x18\x1D\x10\x39\xFE\x11\xFE\x01\x00'
    b'\x23\xFE\x33\xFE\x1A\x26\x02\xF6\x02\xF6\x72\x26\x13\xFE\x12\x06\x12\xFE\x12\xDE\x12\xDE\x1E\xFE\x36\x06\x04\x0E\x00\x08\x00\x00'
    b'\x00\x00\x20\x20\x31\x24\x1B\x6C\x02\x60\x00\x78\x71\xCC\x13\xA6\x10\x20\x11\x26\x11\x64\x13\x7C\x1C\xD8\x39\xCC\x13\x86\x02\x00'
    b'\x00\x00\x21\x84\x33\xC4\x1B\x66\x03\x7E\x03\xE6\x72\x44\x13\xF4\x12\x74\x17\xDC\x10\xCC\x11\xC4\x1B\x44\x3E\x44\x04\xCC\x00\x88'
    b'\x00\x00\x7F\xFE\x00\x00\x1F\xF8\x1F\xF8\x10\x08\x10\x08\x1F\xF8\x1F\xF8\x08\x10\x0C\x30\x04\x20\x04\x60\x7F\xFE\x00\x00\x00\x00'
    b'\x00\x00\x06\x00\x0F\xF0\x38\x60\x7F\xFC\x11\x84\x11\x8C\x1F\xFC\x0F\x84\x79\xDC\x07\xF0\x3C\xD8\x23\xEC\x1E\x66\x71\xC2\x01\x80'
    b'\x0F\xF8\x1F\xF8\x18\x18\x19\x98\x19\x98\x19\x98\x19\x98\x19\x98\x19\x18\x19\x18\x03\x00\x06\x60\x0C\x38\x38\x0C\x00\x00\x00\x00'
    b'\x00\x00\x06\x00\x0F\xF0\x0C\x70\x38\x60\x7F\xFC\x18\x0C\x18\x8C\x18\x8C\x18\x8C\x19\x8C\x19\x8C\x03\x60\x0E\x38\x3C\x0E\x20\x00'
    b'\x00\x00\x01\x80\x3F\xFC\x01\x80\x3F\xFC\x01\x80\x7F\xFE\x00\x00\x1F\xF8\x10\x08\x11\x88\x11\x08\x13\x48\x0E\x78\x3C\x1C\x20\x04'
    b'\x00\x00\x3E\x60\x7E\x60\x62\x7E\x6A\x7E\x6A\xC4\x6B\xC4\x6B\xEC\x6A\x2C\x6A\x28\x7A\x38\x5A\x18\x14\x38\x36\x6C\x63\xC6\x00\x00'
    b'\x00\x00\x3E\xC0\x7E\xC6\x62\xCC\x7A\xD8\x7A\xF0\x7A\xC0\x7A\xFE\x7A\xFE\x7A\xD8\x7A\xC8\x52\xCC\x14\xCC\x36\xF6\x62\xE2\x00\x00'
    b'\x00\x00\x01\x80\x07\x60\x1D\x38\x71\x8E\x0F\xF0\x00\x70\x00\xE0\x1F\xF8\x18\x18\x19\x88\x19\x88\x19\x08\x07\x70\x3E\x1C\x00\x00'
    b'\x00\x00\x01\x80\x1F\xF8\x11\x88\x1F\xF8\x01\x80\x7F\xFE\x00\x00\x1F\xF8\x18\x18\x11\x88\x11\x88\x11\x08\x07\x70\x7E\x1E\x20\x00'
    b'\x00\x00\x06\x60\x3F\xFC\x06\x6C\x3F\xFC\x36\x60\x3F\xFE\x1C\x4C\x38\x68\x1F\xF8\x18\x08\x19\x88\x19\x08\x03\x70\x3E\x3C\x30\x04'
    b'\x00\x00\x21\x00\x33\xFC\x06\x4C\x00\xEC\x39\xF0\x67\x1E\x04\x04\x1F\xF8\x18\x18\x11\x88\x11\x88\x13\x08\x07\x70\x7E\x1C\x20\x04'
    b'\x00\x00\x7C\x20\x7E\x62\x46\xFE\x5E\x24\x5E\x2C\x5F\xFE\x5E\x30\x5E\xFC\x5F\xFC\x56\xC4\x50\xFC\x10\xC4\x34\xC4\x62\xFC\x00\x84'
    b'\x00\x00\x08\x20\x7E\x7C\x7F\xCC\x08\xDC\x7F\xFE\x6B\xC6\x6B\xD6\x7F\xD6\x3E\xD6\x1C\xD6\x3E\xD6\x6B\x30\x48\x6C\x08\xE6\x08\x00'
    b'\x00\x00\x01\x80\x7F\xFE\x3F\xFC\x00\x00\x1F\xF8\x10\x08\x1F\xF8\x3B\xDC\x2A\x54\x3B\x54\x6B\x5C\x7B\x7C\x49\xA6\x4A\xE6\x00\x00'
    b'\x00\x00\x01\x80\x01\x80\x3F\xFC\x01\x80\x01\x80\x7F\xFE\x3F\xFE\x01\x80\x19\x80\x11\xF8\x19\x80\x39\x80\x67\x80\x63\xFE\x00\x1C'
    b'\x00\x00\x08\x7C\x18\xFE\x7E\x10\x18\x10\x08\x10\x7E\xFE\x7E\xFE\x08\x10\x2C\x10\x6E\x10\x68\x10\x78\x10\x5C\x00\x4F\xFE\x00\x00'
    b'\x00\x00\x08\x00\x08\xFC\x7F\x04\x0C\x04\x08\x04\x7F\x7C\x7F\x40\x0C\x40\x2C\x42\x2F\x46\x6C\x7E\x7C\x7C\x7C\x00\x4F\xFE\x00\x00'
    b'\x00\x00\x08\x00\x08\xFE\x7E\x26\x18\x66\x08\x46\x7E\xDC\x7E\x00\x08\xFC\x2C\xC4\x2E\xC4\x68\xC4\x78\xFC\x5C\x00\x4F\xFE\x00\x00'
    b'\x00\x00\x08\x14\x08\x16\x7E\xFE\x18\xF8\x08\x90\x7E\x96\x1C\x94\x08\x9C\x6E\x9C\x6E\xFA\x69\xBE\x78\x26\x5C\x00\x4F\xFE\x00\x00'
    b'\x1F\xF8\x1F\xF8\x18\x08\x18\x08\x18\x08\x1F\xF8\x00\x80\x08\x80\x18\xFC\x18\xFC\x18\x80\x3C\x80\x67\x80\x63\xFE\x00\x00\x00\x00'
    b'\x00\x00\x3C\xC0\x7C\xC0\x64\xFE\x65\x86\x7F\x06\x7F\xF6\x19\xB6\x59\xB4\x5D\xF4\x59\xFC\x59\x88\x59\x82\x7D\x86\x78\xFE\x00\x00'
    b'\x3C\xFE\x7E\xFE\x66\x80\x66\x80\x7E\xFC\x3C\xFC\x08\x84\x68\x84\x6E\xC4\x68\xFC\x68\x80\x68\x80\x7E\x80\x78\xFE\x00\x00\x00\x00'
    b'\x3C\xFC\x7D\xFC\x65\x84\x65\xFC\x7D\xFC\x7D\x84\x09\xFC\x49\xFC\x6D\xB2\x69\x9E\x69\x9C\x69\x8C\x7F\xFE\x71\xC6\x00\x00\x00\x00'
    b'\x00\x00\x3C\x20\x7C\x60\x65\xFE\x64\xD8\x7D\xCC\x7F\xFE\x1A\x02\x59\xFC\x5D\xFC\x58\xC0\x58\xFC\x58\x0C\x7C\x0C\x70\x3C\x00\x10'
    b'\x00\x00\x3C\x60\x7C\xFC\x64\xCC\x67\xC8\x7F\x78\x7C\x30\x08\xF8\x09\x8E\x6F\x86\x68\xFC\x68\x84\x68\x84\x7E\x8C\x78\xFC\x00\x84'
    b'\x00\x00\x00\x50\x7C\x50\x6C\x52\x6F\x56\x7D\xDC\x3D\xD8\x10\x58\x50\xDC\x5D\xDE\x5B\xD2\x50\xD0\x5C\x92\x7D\x92\x73\x1E\x00\x00'
    b'\x00\x00\x01\x00\x1F\xF0\x18\x10\x18\x10\x1F\xF0\x18\x10\x1F\xF6\x18\x1C\x18\x1C\x7F\xF8\x00\x70\x01\xD0\x0F\x10\x3C\x70\x00\x70'
    b'\x00\x00\x18\x78\x7C\xF8\x64\xC8\x64\xC8\x7C\x8C\x67\xB6\x7C\x30\x65\xFE\x7D\xFE\x1C\x78\x1C\xBC\x35\xB6\x67\x32\x1C\x30\x08\x20'
    b'\x00\x00\x02\x00\x06\x00\x7F\xFE\x0C\x00\x08\x80\x19\x80\x31\x80\x3F\xFC\x01\x80\x01\x80\x7F\xFE\x01\x80\x01\x80\x01\x80\x00\x80'
    b'\x00\x00\x10\x30\x30\x20\x7F\xFE\x30\x60\x28\x60\x69\xFE\x78\x40\x7E\xC0\x08\xFE\x0A\x06\x7E\x0C\x78\xF8\x08\x38\x08\x1C\x08\x00'
    b'\x00\x00\x10\x30\x30\x78\x7E\x48\x30\xCC\x29\x86\x69\x02\x7C\xC0\x7E\xDC\x08\xF0\x08\xC0\x7E\xC0\x78\xC2\x08\xC6\x08\xFE\x08\x00'
    b'\x00\x00\x10\x00\x31\xFC\x7E\x08\x30\x18\x28\x38\x68\xEC\x6D\xC6\x7E\x00\x09\xFE\x08\x30\x3E\x30\x7C\x30\x08\x30\x09\xFE\x08\x00'
    b'\x00\x00\x04\x28\x3F\xAC\x0E\x24\x0E\x70\x7F\xFE\x08\x20\x7F\xA4\x3F\xBC\x36\x3C\x3F\x98\x06\x18\x07\xBA\x3F\xFA\x06\xCE\x04\x00'
    b'\x00\x00\x10\x34\x30\x34\x7F\xFE\x20\x30\x29\xFE\x69\xFE\x79\xB6\x7F\xFE\x09\xB6\x09\xB6\x7F\xFE\x79\xB6\x09\xB6\x09\xBE\x09\x04'
    b'\x00\x00\x10\x00\x31\xFE\x7C\x58\x30\x58\x29\xFE\x69\xFE\x79\x5A\x7D\x5A\x09\x7E\x09\xFE\x7D\x96\x79\xA2\x09\x06\x09\x0E\x09\x00'
    b'\x00\x00\x10\xFC\x30\xFC\x7E\x84\x30\xFC\x28\x00\x69\xFE\x78\x84\x7E\xFC\x08\xCC\x08\xFC\x7E\xFC\x78\x8E\x09\xFE\x09\x04\x08\x04'
    b'\x00\x00\x10\x30\x30\x78\x7C\xCC\x73\xFE\x2B\x7A\x78\x00\x79\xEE\x7D\x2E\x19\xEE\x19\x6E\x7D\xEE\x79\xEE\x19\x26\x19\x6E\x09\x0C'
    b'\x00\x00\x20\x40\x30\x40\x1B\xFC\x03\xFE\x00\xC6\x70\xC6\x70\xC6\x10\x84\x11\x84\x11\x04\x13\x3C\x1A\x38\x3C\x00\x67\xFE\x00\x00'
    b'\x00\x00\x20\x60\x30\x60\x18\x60\x03\xFC\x03\xFC\x70\x40\x70\xE0\x10\xF0\x11\x98\x11\x0C\x17\x06\x1A\x00\x3C\x00\x67\xFE\x00\x00'
    b'\x20\x1C\x33\xFC\x18\x60\x00\x60\x00\x60\x73\xFE\x73\xFE\x10\x60\x10\x60\x10\x60\x10\x60\x18\x60\x3C\x00\x67\xFE\x00\x00\x00\x00'
    b'\x00\x00\x20\x18\x30\x18\x1B\xFE\x07\xFE\x00\x18\x71\x18\x71\x98\x11\x98\x10\x98\x10\x18\x10\x18\x18\x78\x3C\x00\x67\xFE\x00\x00'
    b'\x20\x00\x31\xFC\x18\x00\x00\x00\x03\xFE\x73\xFE\x70\xC0\x10\x88\x11\x8C\x11\x0C\x13\xFC\x19\x06\x3C\x00\x67\xFE\x00\x00\x00\x00'
    b'\x00\x00\x20\x3C\x31\xF8\x19\x00\x01\x00\x01\xFE\x71\xFE\x73\x10\x13\x10\x13\x10\x12\x10\x16\x10\x18\x10\x3C\x00\x67\xFE\x00\x00'
    b'\x00\x00\x20\x1C\x33\xF8\x1B\x00\x03\x00\x03\xFC\x73\x04\x73\xCC\x13\x78\x12\x38\x12\x3C\x16\x6E\x1C\xC6\x3C\x00\x67\xFE\x00\x00'
    b'\x20\x00\x37\xFE\x18\x60\x00\x60\x00\xF8\x71\xE8\x73\xEC\x1F\x66\x14\x62\x10\x60\x10\x60\x18\x60\x3C\x00\x67\xFE\x00\x00\x00\x00'
    b'\x00\x00\x20\x60\x30\x60\x1B\xFE\x03\xFE\x00\x08\x71\x98\x70\xD0\x10\x70\x10\x70\x10\xD8\x13\x8C\x1B\x04\x3C\x00\x67\xFE\x00\x00'
    b'\x00\x00\x20\x98\x30\x98\x1B\xFC\x03\xFC\x00\x98\x70\x98\x71\x98\x17\xFE\x11\x18\x11\x18\x13\x18\x1A\x18\x3C\x00\x67\xFE\x00\x00'
    b'\x20\x00\x31\xFC\x18\x00\x00\x00\x03\xFE\x73\xFC\x70\x90\x10\x90\x11\x90\x11\x92\x13\x1E\x1A\x1E\x3C\x00\x67\xFE\x00\x00\x00\x00'
    b'\x00\x00\x20\x60\x30\x60\x1B\xFC\x00\x60\x03\xFC\x71\xFC\x70\x60\x17\xFE\x10\x66\x10\x66\x10\x7C\x18\x60\x3C\x00\x67\xFE\x00\x00'
    b'\x00\x00\x20\xC0\x33\xFE\x1F\xFE\x01\x00\x03\x20\x73\xFC\x73\xFC\x10\x20\x17\xFE\x17\xFE\x10\x20\x18\x20\x3C\x00\x67\xFE\x00\x00'
    b'\x00\x00\x20\x68\x30\x64\x18\x64\x07\xFE\x00\xE0\x70\xF0\x71\xF8\x11\x6C\x13\x64\x16\x66\x10\x60\x18\x60\x3C\x00\x67\xFE\x00\x00'
    b'\x00\x00\x20\x60\x30\x60\x17\xFE\x00\xD0\x00\xD0\x72\xDC\x72\x94\x16\x96\x14\x92\x11\x92\x13\x10\x13\x30\x3C\x00\x67\xFE\x00\x00'
    b'\x00\x00\x20\x60\x30\xE0\x1B\xFC\x03\x0C\x03\x0C\x73\xFC\x73\x00\x13\xFC\x13\xFC\x13\x04\x13\xFC\x1B\xFC\x3C\x00\x67\xFE\x00\x00'
    b'\x21\xFC\x33\xFC\x1B\x04\x03\xFC\x03\x04\x73\xFC\x73\xFC\x13\x44\x13\x3C\x13\x18\x13\xEE\x1B\x82\x3C\x00\x67\xFE\x00\x00\x00\x00'
    b'\x00\x00\x21\x08\x31\x98\x18\x98\x03\xFC\x00\x20\x70\x60\x73\xFE\x10\xE0\x10\xD0\x10\xD8\x13\x8C\x1B\x06\x3C\x00\x67\xFE\x00\x00'
    b'\x00\x00\x20\x1C\x33\xF8\x18\x60\x00\x60\x03\xFE\x73\xFE\x70\x60\x11\xFC\x13\xFC\x13\x04\x13\x0C\x1B\xFC\x3C\x00\x67\xFE\x00\x00'
    b'\x00\x00\x20\xD0\x30\xD0\x1A\xD4\x03\xDC\x01\xD8\x70\xD0\x71\x9C\x17\x96\x11\x90\x11\x92\x13\x16\x13\x1E\x3C\x00\x67\xFE\x00\x00'
    b'\x00\x00\x21\x88\x30\x98\x1B\xFE\x03\xFE\x00\x24\x73\x24\x73\x24\x13\xFC\x13\xFC\x10\x40\x10\xC0\x19\x80\x3C\x00\x67\xFE\x00\x00'
    b'\x00\x00\x21\x20\x31\x20\x1B\xFC\x02\x20\x00\x20\x73\xFE\x73\xFE\x10\x90\x10\x90\x11\x92\x13\x12\x1E\x1E\x3C\x00\x67\xFE\x00\x00'
    b'\x23\xFE\x33\xFE\x18\x60\x03\xC4\x06\x6C\x70\xF8\x73\xB0\x12\x78\x10\xFC\x13\xB6\x12\x30\x18\xE0\x3C\x00\x67\xFE\x00\x00\x00\x00'
    b'\x00\x00\x20\x60\x30\xF0\x19\x9C\x07\x8E\x01\xF8\x70\x60\x73\xFC\x13\xFC\x11\x68\x13\x6C\x16\x66\x18\xE0\x3C\x00\x67\xFE\x00\x00'
    b'\x23\xFE\x33\xFE\x18\x00\x03\xFC\x03\x04\x73\x04\x73\xFC\x10\x88\x11\x88\x10\x98\x13\xFE\x1B\xFE\x3C\x00\x67\xFE\x00\x00\x00\x00'
    b'\x23\xFC\x33\xFC\x18\xD8\x00\x70\x03\xFE\x72\x66\x73\xFE\x12\x66\x13\xFE\x13\xFE\x12\x66\x1A\x6C\x3C\x00\x67\xFE\x00\x00\x00\x00'
    b'\x00\x00\x20\x20\x33\xFE\x18\x60\x00\x60\x03\xFC\x73\x24\x73\x64\x13\xFC\x10\xE8\x11\xAC\x13\x26\x1A\x20\x3C\x20\x67\xFE\x00\x00'
    b'\x00\x00\x21\x20\x31\x60\x1B\xFC\x02\x20\x02\x20\x77\xFE\x70\x00\x11\xFC\x11\xFC\x11\x04\x11\x0C\x19\xFC\x3C\x00\x67\xFE\x00\x00'
    b'\x23\xFC\x33\xFE\x1A\x56\x02\xD6\x03\xFE\x70\xC0\x71\xFC\x13\x0C\x12\xCC\x10\x78\x10\x70\x1B\xC0\x3F\x00\x67\xFE\x00\x00\x00\x00'
    b'\x21\xFC\x33\x6C\x13\x6C\x03\xFC\x03\x6C\x73\xFC\x70\x60\x13\xFE\x12\x66\x12\x7E\x13\xEE\x1A\x0E\x3C\x08\x67\xFE\x00\x00\x00\x00'
    b'\x00\x00\x20\x60\x33\xFE\x13\xFE\x02\x06\x03\xFE\x72\x00\x73\xFE\x13\xFE\x17\xFE\x17\xFE\x1D\x5E\x19\x5E\x3C\x00\x67\xFE\x00\x00'
    b'\x00\x00\x21\x88\x31\xD8\x1F\xFE\x00\x60\x03\xFC\x73\x0C\x73\xFC\x13\x0C\x13\xFC\x13\xFC\x13\x0C\x1B\xFC\x3C\x00\x67\xFE\x00\x00'
    b'\x00\x00\x20\xD0\x37\xFE\x10\xD8\x03\xFE\x03\xFE\x72\xD6\x73\xFE\x10\x00\x13\xFC\x13\xFC\x13\x0C\x1B\xFC\x3C\x00\x67\xFE\x00\x00'
    b'\x00\x00\x21\x98\x37\xFE\x10\xF0\x03\xFC\x02\xBC\x73\x0C\x73\xFC\x13\xFC\x10\x1C\x17\xFE\x13\x18\x19\xB8\x3C\x00\x67\xFE\x00\x00'
    b'\x00\x00\x40\x08\x63\xDE\x32\xDE\x02\xD6\x03\xD4\x72\x3E\x76\x1E\x17\xC8\x17\x7E\x15\x4C\x1D\x48\x31\xC8\x3C\x00\x47\xFE\x00\x00'
    b'\x00\x00\x41\x98\x67\xD8\x36\x5E\x07\xFE\x06\xE6\x73\xE4\x77\xDC\x17\xCC\x13\xCC\x13\xCE\x16\x5A\x35\xF2\x3C\x00\x47\xFE\x00\x00'
    b'\x3F\x3E\x7F\x7E\x19\x66\x19\x64\x7F\x6C\x1B\x6C\x19\x6C\x1B\x64\x7F\x66\x13\x62\x31\x62\x33\x6E\x63\x68\x4E\x60\x00\x20\x00\x00'
    b'\x00\x00\x08\x3E\x7F\x7E\x7F\xE6\x21\x64\x33\x6C\x32\x6C\x7F\xEC\x00\x64\x3F\x66\x3F\x62\x21\x62\x21\x6E\x3F\x68\x3F\x60\x21\x20'
    b'\x00\x00\x08\x3C\x0C\xFE\x3F\xA6\x09\x24\x0F\x2C\x7F\xAC\x0C\x2C\x3F\x24\x7F\x26\x31\x26\x3F\x22\x31\x2E\x31\x28\x3F\x20\x11\x20'
    b'\x7F\x7C\x7F\x7C\x14\x04\x7F\x04\x7F\x04\x55\x04\x55\x7C\x77\x40\x73\x40\x63\x40\x7F\x42\x41\x42\x7F\x46\x7F\x7E\x41\x00\x00\x00'
    b'\x1F\xF8\x3F\xFC\x31\x8C\x31\x8C\x3F\xFC\x31\x8C\x31\x8C\x3F\xFC\x01\x80\x01\x80\x3F\xFC\x01\x80\x01\x80\x7F\xFE\x00\x00\x00\x00'
    b'\x00\x00\x0F\xF8\x3F\x80\x3F\xFC\x7F\xFE\x01\x80\x3F\xFC\x31\x8C\x3F\xFC\x31\x8C\x3F\xFC\x01\x80\x3F\xFC\x01\x80\x7F\xFE\x00\x00'
    b'\x3E\x7E\x7F\xFE\x6B\x04\x7F\x78\x7F\x38\x6B\xFE\x7F\xFE\x7E\x16\x08\x1C\x7F\x10\x7F\x10\x08\x10\x1F\x10\x7E\xF0\x00\x00\x00\x00'
    b'\x1F\xF8\x10\x08\x1F\xF8\x1F\xF8\x00\x00\x7F\xFE\x00\x00\x31\x8C\x3F\xFC\x31\x8C\x3F\xFC\x3F\xFC\x01\x80\x7F\xFE\x00\x00\x00\x00'
    b'\x00\x00\x30\x30\x30\xB0\x3C\xF0\x61\xFE\x61\xB0\x7D\x30\x18\x30\x19\xFE\x7E\x30\x18\x30\x18\x78\x18\x68\x1E\xCC\x19\x86\x00\x00'
    b'\x00\x00\x10\x30\x31\xB6\x3F\xB6\x61\xFE\x60\x00\x7C\xFC\x18\xFE\x18\x06\x7E\x06\x18\xFE\x18\x80\x18\x82\x1E\x82\x1C\xFE\x00\x00'
    b'\x00\x00\x30\x34\x30\x36\x3F\xFE\x60\x30\x61\xFE\x7D\xFE\x11\x36\x19\xFE\x7D\xFE\x19\x36\x11\xFE\x11\xB6\x1D\x36\x19\x3E\x01\x00'
    b'\x00\x00\x30\x30\x31\xB6\x3C\xB4\x60\xB4\x61\xFE\x7D\xFE\x19\x86\x19\xFE\x7F\x86\x19\x86\x19\xFE\x19\x86\x1F\x86\x1D\x9E\x00\x08'
    b'\x00\x00\x30\x32\x31\xB6\x3C\xB4\x60\x30\x61\xFE\x7D\x86\x19\xB6\x19\xB6\x7D\xB6\x19\xA6\x11\xA6\x10\x68\x1E\xCC\x19\x86\x00\x00'
    b'\x00\x00\x30\x48\x30\xCC\x3D\xFE\x60\x48\x60\xCC\x7F\xFE\x18\x00\x18\xFC\x7E\x84\x18\x84\x18\xFC\x18\x84\x1E\x84\x18\xFC\x00\x84'
    b'\x00\x00\x20\x10\x33\xBE\x7B\x9E\x61\x7E\x41\x7E\x7B\x1E\x13\xBC\x10\x90\x7E\xFE\x13\x90\x13\x7E\x11\x10\x1F\xD0\x32\x7E\x00\x00'
    b'\x00\x00\x30\x30\x31\xFE\x3C\x30\x60\xFC\x61\x84\x7D\xFC\x19\x84\x19\xFC\x7D\x8C\x19\xFC\x11\xFE\x11\xFE\x1C\xCC\x1B\x86\x00\x00'
    b'\x00\x00\x0C\x08\x0C\x18\x0C\x70\x0D\xC0\x0D\x80\x0C\x00\x7F\xFE\x0C\xE0\x0C\x40\x0C\x60\x0C\x30\x0C\x18\x0F\x8E\x0F\x06\x00\x00'
    b'\x00\x00\x18\x00\x19\xFE\x0C\x06\x60\x06\x60\x06\x60\x06\x60\x06\x60\x06\x60\x06\x60\x06\x60\x06\x60\x06\x60\x06\x60\x1C\x20\x08'
    b'\x00\x00\x18\x00\x19\xFE\x0C\x06\x60\x46\x60\x46\x6F\xF6\x6F\xF6\x60\xC6\x61\xC6\x66\x46\x6C\x46\x68\xC6\x61\xC6\x61\x9C\x20\x08'
    b'\x00\x00\x18\x00\x19\xFE\x0C\x06\x60\x06\x60\x06\x67\xE6\x66\x66\x64\x26\x64\x26\x66\x66\x67\xE6\x60\x06\x60\x06\x60\x1C\x20\x18'
    b'\x00\x00\x18\x00\x19\xFE\x08\x06\x67\xE6\x6F\xE6\x64\x66\x64\x46\x64\x46\x67\xF6\x60\x36\x6F\xB6\x60\x36\x60\x66\x61\xEC\x20\x08'
    b'\x00\x00\x18\x00\x19\xFE\x0C\x06\x60\x06\x67\xE6\x66\x66\x64\x26\x67\xE6\x67\xE6\x64\x26\x66\x66\x67\xE6\x60\x06\x60\x1C\x20\x08'
    b'\x00\x00\x18\x00\x19\xFE\x08\x06\x60\x16\x6D\xF6\x64\x46\x61\xF6\x6F\xF6\x60\x46\x65\xF6\x65\x36\x6D\x16\x69\xF6\x68\x1C\x20\x08'
    b'\x3C\x60\x7C\x60\x64\x60\x6C\x60\x68\x60\x78\x60\x78\x60\x68\x70\x6C\xD0\x64\xD8\x6D\x88\x7D\x8C\x63\x06\x66\x02\x40\x00\x00\x00'
    b'\x00\x00\x3C\x20\x7C\x30\x67\xFE\x6D\xFE\x68\xC0\x78\xC0\x78\xFC\x6C\xFC\x6C\xC4\x64\x84\x6D\x84\x7D\x84\x63\x0C\x66\x3C\x40\x00'
    b'\x00\x00\x00\x40\x7C\x40\x6F\xFE\x68\xC0\x68\xB0\x79\xB0\x79\xFC\x69\xFC\x68\x30\x6C\x30\x6F\xFE\x78\x30\x60\x30\x60\x30\x40\x00'
    b'\x00\x00\x3C\x60\x7C\x70\x64\xD0\x6D\x88\x6B\x0C\x7E\x06\x78\x98\x68\x98\x6C\x98\x64\x98\x6D\x98\x79\x98\x61\x18\x63\x18\x00\x00'
    b'\x3C\xFC\x7D\xFC\x65\x84\x6D\x84\x69\xFC\x69\xFC\x79\x84\x6D\x84\x65\x8C\x65\xFC\x6D\x84\x7D\x84\x61\x8C\x63\xFE\x40\x00\x00\x00'
    b'\x00\x00\x38\x84\x7D\x84\x6D\x84\x69\x7E\x6B\x7E\x7B\x04\x7F\x04\x69\x64\x69\x24\x6D\x34\x6D\x04\x79\x04\x61\x0C\x61\x1C\x41\x18'
    b'\x3C\x00\x7D\xFE\x64\x00\x6C\x00\x68\x00\x7B\xFE\x78\x30\x68\xB4\x6D\xB4\x65\xB4\x6D\x36\x7B\x32\x62\x32\x60\xE0\x40\x40\x00\x00'
    b'\x00\x00\x3C\xC0\x7C\xFC\x6D\x8C\x6F\xD8\x68\x70\x79\xFE\x7B\x06\x68\x30\x6D\xFC\x65\x30\x6D\x30\x7B\xFE\x60\x30\x60\x30\x40\x20'
    b'\x3D\xFC\x7D\xFC\x65\x04\x6D\xFC\x69\xFC\x79\x04\x79\xFC\x6D\xFC\x6D\x32\x65\x36\x6D\x18\x7D\x08\x61\xEC\x61\xC6\x40\x00\x00\x00'
    b'\x00\x00\x7C\x20\x7F\xFE\x6F\xFE\x6B\x02\x69\xFE\x78\xF8\x78\x00\x6B\xFE\x6D\xFE\x6C\xD8\x6C\xD8\x78\x9A\x61\x9A\x63\x1E\x40\x00'
    b'\x3C\x30\x7C\x70\x6C\xD8\x69\x8E\x6B\xFE\x78\xF8\x78\x20\x6B\xFE\x6D\xFC\x6C\x20\x6D\xAC\x7B\x24\x63\x26\x60\xE0\x40\x00\x00\x00'
    b'\x00\x00\x3C\x60\x7C\x70\x6C\xD8\x6D\x8C\x6B\xFE\x7A\xFA\x78\x00\x69\x64\x6D\x64\x65\x2C\x6D\xAC\x78\x88\x60\x18\x63\xFE\x40\x00'
    b'\x00\x00\x3C\x40\x7C\xFC\x64\xFC\x6D\x8C\x6B\x08\x78\x40\x79\xDE\x69\x0E\x6D\x06\x65\xDE\x6D\xDE\x79\x06\x61\xFE\x61\xFE\x40\x00'
    b'\x00\x00\x38\x10\x7E\x7E\x6B\x7E\x69\x20\x78\x7E\x7F\x66\x7B\xFE\x6B\x26\x6B\x26\x6B\x3E\x7B\x26\x63\x2E\x67\x80\x64\xFE\x00\x00'
    b'\x39\xFE\x7F\xFE\x6C\x00\x69\xFC\x69\x04\x79\xFC\x78\x00\x6B\xFE\x6B\x16\x6F\x52\x6F\xFA\x7B\xFA\x63\x22\x63\x2E\x42\x04\x00\x00'
    b'\x00\x00\x00\xD0\x7C\x90\x7D\xD8\x0D\xFE\x4F\x98\x6F\x98\x3F\xFE\x19\x98\x19\x98\x19\xFE\x3D\x98\x35\x98\x61\xFE\x41\xFE\x01\x80'
    b'\x00\x00\x19\x80\x1F\xFC\x31\xC0\x7F\xF8\x71\xC0\x1F\xF8\x11\xC0\x1F\xFC\x1F\xFC\x01\x80\x7F\xFE\x05\xB0\x39\x9C\x71\x86\x00\x80'
    b'\x7F\xFE\x7F\xFE\x01\x80\x01\x80\x3F\xFC\x21\x84\x29\xA4\x2F\xB4\x21\x94\x29\x84\x2D\xF4\x25\x94\x21\x84\x21\x9C\x20\x18\x00\x00'
    b'\x3F\xFC\x1F\xF8\x7F\xFE\x61\x86\x7F\xFE\x01\x80\x0F\xF0\x0E\x60\x39\x1C\x71\xC6\x0F\xF0\x00\x60\x07\xC0\x01\xE0\x00\x20\x00\x00'
    b'\x3F\xFC\x3F\xFC\x7F\xFE\x7F\xFE\x7D\xB6\x41\x82\x1F\xF8\x00\x00\x3F\xFC\x31\x8C\x3F\xFC\x31\x8C\x31\x8C\x3F\xFC\x20\x0C\x00\x00'
    b'\x3F\xFC\x3F\xFC\x7F\xFE\x61\x86\x7F\xFE\x41\x82\x1D\xB8\x7F\xFE\x7F\xFE\x03\x80\x3F\xFC\x32\x64\x32\x64\x32\x6C\x20\x08\x00\x00'
    b'\x3F\xFC\x01\x80\x7F\xFE\x61\x86\x41\x82\x0D\xB0\x3E\x60\x26\xFC\x27\xE8\x3E\x78\x2D\xCE\x2E\xFC\x28\xC4\x7E\xFC\x40\x84\x00\x00'
    b'\x00\x00\x01\x80\x3F\xFC\x01\x80\x3F\xFC\x01\x80\x7F\xFE\x00\x00\x1F\xF8\x10\x08\x1F\xF8\x10\x08\x1F\xF8\x10\x08\x10\x38\x10\x30'
    b'\x00\x00\x18\x60\x7E\x7C\x18\xCC\x7E\x9C\x18\xFE\x7F\x36\x00\xFE\x7E\xFE\x62\x36\x7E\xFE\x62\xFC\x7E\x30\x62\x30\x66\x70\x24\x40'
    b'\x00\x00\x06\x60\x06\x60\x7E\x7E\x7E\x7E\x06\x60\x06\x60\x7E\x7E\x06\x60\x06\x60\x06\x60\x7E\x7E\x06\x60\x06\x60\x06\x60\x02\x40'
    b'\x00\x00\x19\x80\x3F\xFC\x21\x80\x7F\xFE\x00\x00\x3F\xF8\x30\x08\x1F\xF8\x3E\x7C\x3E\x7C\x3E\x7C\x06\x40\x7E\x7E\x02\x40\x02\x40'
    b'\x7F\xFE\x7F\xFE\x01\x80\x01\x80\x3F\xFC\x24\x24\x26\x64\x27\xE4\x24\x24\x26\x64\x27\xE4\x24\x24\x26\x64\x3F\xFC\x20\x04\x00\x00'
    b'\x7F\xFE\x7F\xFE\x01\x80\x1F\xF8\x1F\xF8\x10\x08\x11\x88\x11\x88\x11\x88\x11\x08\x13\x08\x03\x60\x0E\x78\x78\x0E\x00\x00\x00\x00'
    b'\x7D\xFE\x7D\xFE\x18\x30\x18\xFE\x19\xFE\x19\x86\x19\xB6\x19\xB6\x19\xB6\x19\xA6\x19\xA6\x18\x68\x18\xCC\x73\x86\x00\x00\x00\x00'
    b'\x01\xFE\x7F\xFE\x7C\x20\x11\xFE\x11\xFE\x11\x06\x11\x36\x11\x36\x11\x26\x1D\x26\x7D\x66\x60\x68\x00\xCC\x07\x86\x02\x00\x00\x00'
    b'\x62\xFE\x7A\xFE\x7A\x30\x7A\xFE\x7A\xFE\x7A\x96\x7A\x96\x7A\x96\x7A\x96\x7A\xB6\x7A\xB6\x5A\x28\x4A\x6C\x42\xC6\x00\x00\x00\x00'
    b'\x00\x00\x05\xFE\x1D\xFE\x30\x30\x61\xFE\x05\xFE\x0D\x86\x19\xB6\x71\xB6\x01\xB6\x05\xA6\x0D\xA6\x18\x68\x30\xCC\x63\x86\x00\x00'
    b'\x00\x00\x18\xFE\x18\xFE\x7E\x10\x18\xFE\x18\xFE\x5A\xD6\x5A\xD6\x5A\xD6\x7E\xD6\x7E\xD6\x18\xF6\x18\x38\x1E\x6C\x1C\xC6\x00\x00'
    b'\x7C\xFE\x7F\xFE\x0C\x10\x38\xFE\x18\xFE\x7E\x96\x7E\x96\x16\x96\x14\x96\x10\xB6\x10\xB6\x10\x28\x10\xEC\x71\xC6\x20\x00\x00\x00'
    b'\x00\x00\x18\xFE\x1C\xFE\x36\x30\x63\xFE\x58\xFE\x0C\xC6\x00\xD6\x7E\xD6\x06\xD6\x04\xD6\x2C\xF6\x38\x38\x0C\x6C\x04\xC6\x00\x00'
    b'\x3E\xFE\x7F\xFE\x6B\x10\x7F\x7E\x7B\xFE\x7F\xC6\x7E\xD6\x08\xD6\x7F\xD6\x3C\xD6\x3C\xF6\x2B\x38\x68\x6C\x49\xC6\x08\x00\x00\x00'
    b'\x3E\xFE\x3E\xFE\x22\x10\x3E\xFE\x22\xC6\x3E\xD6\x00\xD6\x7F\xD6\x0C\xD6\x2C\x30\x2E\x6C\x78\xC6\x7C\x00\x4F\xFE\x00\x00\x00\x00'
    b'\x00\x00\x08\xFE\x7F\xFE\x36\x10\x36\x7E\x7F\x7E\x7F\x56\x46\x56\x7C\x56\x52\x56\x46\x56\x5C\x56\x43\x38\x4E\x6C\x58\xC6\x00\x80'
    b'\x00\x00\x18\x7E\x7F\xFE\x7F\x10\x51\x7E\x3E\x7E\x36\x52\x7C\x52\x1C\x52\x73\xD2\x73\x52\x3E\x52\x22\x30\x36\x6C\x3E\xC2\x22\x00'
    b'\x1F\xF8\x3F\xF8\x30\x18\x30\x78\x34\x58\x36\xD8\x33\xD8\x31\x98\x31\x98\x33\xC8\x26\x68\x2C\x6A\x60\x0E\x40\x0E\x00\x00\x00\x00'
    b'\x00\x00\x7F\xC0\x00\x44\x00\x4C\x00\x78\x00\x60\x00\x70\x00\x7C\x00\x66\x00\x60\x00\x20\x00\x32\x00\x3E\x00\x1E\x00\x00\x00\x00'
    b'\x00\x00\x01\x80\x03\xE0\x0E\x70\x39\x9C\x7F\xFE\x4F\xF0\x08\x10\x0F\xF0\x08\x10\x0F\xF0\x08\x8C\x08\xF8\x08\xB8\x1F\x8C\x08\x04'
    b'\x00\x00\x30\x20\x31\xFE\x3F\xFE\x3F\x06\x6D\xFC\x49\x8C\x51\x84\x11\xFC\x11\x80\x11\xFC\x11\xFC\x15\x84\x1D\x84\x31\xFC\x00\x84'
    b'\x00\x00\x0C\x30\x0C\x30\x7F\xFE\x01\x80\x01\x80\x1F\xF8\x10\x08\x1F\xF8\x1F\xF8\x10\x08\x1F\xF8\x10\x08\x10\x08\x1F\xF8\x10\x08'
    b'\x7C\x00\x7D\xFE\x05\x80\x25\x84\x6D\xE4\x6D\xBC\x6D\x98\x7F\x98\x07\x9C\x07\xB4\x7F\xE6\x47\x80\x05\x80\x1D\xFE\x00\x00\x00\x00'
    b'\x00\x00\x00\x30\x7C\x30\x05\xFE\x25\xB6\x6D\xB6\x6D\xB6\x6D\xB6\x7F\xFE\x06\x30\x06\xB0\x7E\xE0\x46\x60\x04\xF8\x1D\xCE\x00\x00'
    b'\x00\x00\x18\x00\x7F\x7C\x1B\x44\x33\x44\x37\x7C\x44\x00\x3F\xF8\x0C\x10\x0C\x10\x0F\xFE\x00\x06\x7F\xE4\x00\x04\x00\x3C\x00\x20'
    b'\x00\x00\x00\x30\x7C\x70\x04\x58\x6C\x8C\x6D\xFE\x6F\x7A\x48\x00\x7D\x26\x0D\xA4\x04\xA4\x74\xBC\x44\x88\x04\x08\x3D\xFE\x00\x00'
    b'\x3E\x78\x3E\x7C\x22\x4C\x3A\x4C\x7E\xCE\x7F\x86\x43\x00\x3E\xFC\x26\x44\x3E\x6C\x26\x38\x3E\x38\x26\x7C\x2F\xC6\x2C\x02\x00\x00'
    b'\x00\x00\x01\x80\x7F\xFE\x00\x00\x0F\xF0\x18\x18\x1F\xF8\x0F\xF0\x3F\xFC\x3F\xFC\x27\xE4\x27\xE4\x24\x24\x27\xE4\x20\x1C\x20\x18'
    b'\x00\x00\x04\x20\x3F\xFC\x0E\x70\x06\x60\x7F\xFE\x01\x80\x1F\xF8\x11\x88\x1F\xF8\x11\x88\x19\x98\x1F\xF8\x0C\x30\x78\x1E\x00\x00'
    b'\x1F\xF8\x3F\xFC\x35\xAC\x35\xAC\x35\x8C\x3F\xFC\x01\x80\x3F\xFC\x3F\xFC\x01\x80\x7F\xFE\x00\x00\x26\x4C\x62\x66\x02\x00\x00\x00'
    b'\x00\x00\x7F\x10\x7F\x14\x49\x12\x59\x10\x49\x7E\x7F\x7E\x08\x10\x7F\x38\x7F\x38\x0D\x28\x7F\x2C\x01\x64\x55\x46\x57\xC2\x40\x00'
    b'\x00\x00\x01\x00\x7F\xFC\x7F\xFE\x0C\x30\x06\x60\x03\xC0\x1F\xFC\x78\x1E\x08\x30\x0C\x30\x08\x30\x18\x30\x18\x30\x70\x30\x00\x10'
    b'\x00\x00\x00\x00\x00\x00\x18\x00\x18\x00\x18\x00\x18\x00\x18\x00\x18\x00\x18\x00\x08\x00\x00\x00\x18\x00\x18\x00\x00\x00\x00\x00'
    b'\x00\x00\x00\x04\x00\x0C\x00\x08\x00\x18\x00\x18\x00\x18\x00\x18\x00\x18\x00\x18\x00\x18\x00\x18\x00\x08\x00\x0C\x00\x04\x00\x04'
    b'\x00\x00\x20\x00\x30\x00\x10\x00\x18\x00\x18\x00\x18\x00\x18\x00\x18\x00\x18\x00\x18\x00\x18\x00\x10\x00\x30\x00\x20\x00\x20\x00'
    b'\x00\x00\x00\x00\x00\x00\x00\x00\x00\x00\x00\x00\x30\x00\x30\x00\x10\x00\x30\x00\x20\x00\x00\x00\x00\x00\x00\x00\x00\x00\x00\x00'
    b'\x00\x00\x00\x00\x00\x00\x18\x00\x18\x00\x00\x00\x00\x00\x00\x00\x00\x00\x18\x00\x18\x00\x00\x00\x00\x00\x00\x00\x00\x00\x00\x00'
    b'\x00\x00\x00\x00\x18\x00\x18\x00\x00\x00\x00\x00\x00\x00\x00\x00\x18\x00\x18\x00\x08\x00\x08\x00\x10\x00\x00\x00\x00\x00\x00\x00'
    b'\x00\x00\x00\x00\x18\x00\x7E\x00\x66\x00\xC3\x00\x02\x00\x06\x00\x0C\x00\x18\x00\x18\x00\x00\x00\x18\x00\x18\x00\x00\x00\x00\x00'
    b'\x01\x80\x01\x80\x01\x80\x01\x80\x01\x80\x01\x80\x01\x80\x01\x80\x01\x80\x01\x80\x01\x80\x01\x80\x01\x80\x01\x80\x01\x80\x00\x00'
)
